0,0,2,0,0,2,2,0,1,1,0,0,0,0,0,0,0,1,1,1,0,2,0,0,0,0,0,0,0,0,0,0,0,0,0,0,2,0,0,1,0,0,0,0,0,1,1,1,1,0,0,1,0,0,2,0,4,0,0,0,0,0,0,0,0,0,0,6,0,0,0,3,0,0,0,0,0,0,0,0,0,1,2,1,1,0,0,5,0,0,0,0,0,0,0,0,0,0,1,0,0,1,0,0,0,1,1,1,1,0,0,1,1,0,0,0,0,2,0,0,2,0,0,0,0,0,0,0,0,0,0,1,1,4,0,1,0,0,0,0,0,0,0,1,0,1,2,0,0,2,2,0,0,0,0,0,0,0,0,0,0,2,0,0,0,0,1,0,2,0,1,1,0,0,1,0,0,0,0,5,0,3,1,0,1,0,0,0,0,0,0,0,0,0,3,0,4,102,255,255,253,255,255,255,254,254,254,252,248,8,0,0,2,0,0,2,0,0,0,0,0,0,0,0,0,0,3,0,113,255,253,255,255,254,255,255,255,255,255,254,251,222,245,49,0,3,0,1,0,0,0,0,0,0,0,0,0,4,0,124,255,252,255,255,253,255,255,251,255,255,255,254,255,255,254,242,62,3,0,1,1,0,0,0,0,2,0,0,0,0,130,250,255,250,255,254,255,253,253,255,254,255,255,253,255,254,255,255,214,173,111,3,0,0,0,3,0,1,0,2,0,138,252,253,251,255,254,255,255,255,255,255,254,254,255,255,250,255,254,253,255,255,246,102,0,1,1,0,0,0,1,0,1,254,255,255,251,254,237,129,142,143,140,144,141,146,134,165,255,255,252,255,251,253,255,252,102,0,1,3,0,0,0,2,2,255,251,251,255,248,100,1,0,1,0,0,1,0,1,5,175,162,255,255,255,251,255,253,255,100,2,0,0,0,1,2,0,255,255,255,244,91,1,0,2,1,0,0,0,1,2,0,3,3,159,199,233,255,253,254,253,254,98,1,1,3,0,1,3,254,252,255,92,0,5,0,0,0,0,2,0,3,0,0,0,0,2,1,114,255,255,255,255,255,255,107,3,0,1,0,0,255,255,254,116,0,0,0,0,0,2,0,1,0,0,4,0,0,0,3,0,100,253,255,254,254,255,254,111,3,0,0,0,255,255,255,254,133,1,0,0,1,0,2,0,0,0,1,1,0,1,0,2,0,86,255,254,255,255,254,101,3,0,1,0,253,254,254,255,244,231,183,0,0,1,2,0,3,0,1,0,2,0,2,0,0,0,76,254,255,252,254,255,109,1,3,0,255,255,255,254,255,255,251,194,192,220,55,0,4,0,1,1,0,2,0,0,4,2,0,73,243,255,255,255,254,132,0,2,253,253,252,255,254,255,252,255,255,253,78,1,0,2,0,1,1,0,2,1,0,2,0,0,255,255,254,250,255,183,1,0,108,255,254,255,252,255,255,252,251,255,54,0,4,1,1,0,0,0,1,0,2,0,0,6,102,255,254,254,253,228,110,1,0,100,251,253,253,253,255,255,255,255,165,40,0,0,0,4,2,1,0,3,0,0,3,1,0,101,246,255,254,255,233,0,4,0,100,247,255,253,254,255,254,247,255,122,0,1,1,0,0,0,4,0,0,4,0,0,1,2,102,236,252,254,227,78,0,4,0,93,248,255,255,253,255,255,255,110,0,0,0,1,0,1,0,0,3,0,0,2,1,1,0,140,255,250,255,255,1,0,3,0,83,248,230,255,255,254,255,110,0,0,3,0,0,0,0,0,0,0,0,0,0,0,3,124,255,254,249,222,0,0,1,1,0,0,34,255,254,254,255,108,3,4,0,2,0,0,0,0,0,0,0,0,0,1,2,0,105,255,215,0,0,2,0,3,0,1,0,1,0,2,0,0,0,0,4,0,0,0,0,0,0,0,0,0,4,0,0,0,1,0,0,2,0,2,0,0,0,0,1,0,0,1,0,0,2,3,0,0,0,0,0,0,0,0,0,0,0,3,0,1,2,1,4,0,0,0,0,1,3,0,0,3,1,1,0,3,0,0,0,1,0,0,0,0,0,0,0,0,0,0,1,0,0,1,0,0,1,2,0,0,0,1,8,0,0,0,0,1,0,1,2,0,0,0,0,0,0,0,0,0,2,1,2,0,0,2,0,1,0,0,6,0,0,1,0,1,2,0,0,1,1,0,1,0,0,0,0,0,0,0,0,0,0,0,0,3,0,0,5,0,1,1,0,0,2,0,3,0,1,0,2,0,1,1,0,0,0,0,0,0,0,0,0,0,0,1,0,0,1,0,0,1
1,0,0,0,0,0,0,0,0,0,1,1,0,0,0,0,1,1,1,3,0,0,0,0,0,0,0,0,0,0,0,4,0,0,0,0,0,0,0,0,0,0,0,0,0,1,0,0,1,0,0,0,2,8,0,0,0,4,0,6,0,0,0,0,1,0,0,0,0,0,0,0,0,1,1,1,1,0,0,2,0,0,1,2,0,0,0,0,3,0,1,0,0,1,3,0,3,0,0,0,0,0,0,0,0,0,0,0,1,2,1,0,0,4,0,2,0,2,1,2,0,1,0,5,1,0,0,1,0,0,0,0,0,0,0,0,0,0,2,3,0,0,0,1,2,0,2,0,0,0,0,3,0,1,2,0,0,0,0,1,0,0,0,0,0,0,0,0,0,0,1,0,0,3,0,0,0,2,0,1,1,1,0,3,0,0,1,0,4,1,0,0,1,0,0,0,0,0,0,0,0,1,0,3,1,0,108,254,255,252,255,255,251,255,254,74,1,6,7,1,0,0,3,0,0,0,0,0,0,0,0,0,0,1,0,0,3,0,103,255,254,255,255,254,255,254,255,254,255,255,254,54,15,0,0,0,0,2,0,0,0,0,0,2,0,0,0,0,0,0,107,255,255,255,251,255,255,255,255,255,253,255,255,254,255,51,0,1,0,44,42,41,39,0,1,0,3,0,1,0,3,0,82,254,253,255,255,255,254,252,254,253,255,254,251,255,252,254,62,0,2,228,254,255,253,29,0,1,0,0,0,0,0,6,0,102,255,252,250,250,255,255,255,254,255,255,255,251,255,255,255,65,0,0,255,252,253,255,0,0,3,0,0,1,3,0,0,81,239,255,226,183,187,188,182,192,186,177,250,255,255,254,252,255,1,2,253,255,255,234,56,0,2,2,0,1,0,3,4,0,69,209,62,0,0,1,2,0,0,1,138,167,241,255,255,253,86,5,167,254,255,255,252,61,1,1,0,0,0,0,0,0,0,3,0,3,1,0,0,2,0,0,3,0,240,255,255,252,254,0,0,160,254,255,255,252,66,1,2,1,1,3,0,3,1,0,2,0,0,2,0,0,2,0,1,0,115,248,252,255,254,2,0,3,252,254,254,254,255,72,1,0,4,0,3,0,0,0,1,0,1,0,2,1,0,0,1,0,1,230,255,255,254,0,3,7,133,255,251,255,253,244,137,88,1,2,0,1,0,1,0,1,0,1,0,0,2,0,0,1,1,230,255,254,255,1,0,0,3,129,255,250,255,255,254,249,81,0,2,2,0,1,0,0,4,0,0,0,0,1,6,0,128,247,254,255,255,1,0,5,3,0,122,255,251,252,253,254,241,179,84,2,0,0,2,3,0,0,1,1,3,0,0,136,255,253,255,252,255,0,1,0,0,1,0,115,255,253,255,255,253,251,237,179,209,75,2,0,1,4,0,0,1,142,188,254,255,255,252,255,254,0,1,0,0,0,1,0,107,255,249,254,255,255,255,252,255,233,191,205,201,198,200,202,191,248,255,251,255,251,255,255,57,0,1,1,0,2,0,0,4,103,255,254,251,255,255,251,255,254,255,255,254,255,255,255,255,254,255,253,254,255,252,252,2,0,0,2,1,0,0,3,0,5,18,105,255,253,253,255,254,255,255,254,255,252,253,255,255,253,255,255,254,253,252,40,0,0,0,0,0,2,0,2,0,0,1,0,106,254,255,252,255,255,254,255,252,255,255,252,255,255,252,252,255,255,33,0,0,0,0,0,0,0,0,0,0,0,0,1,1,1,108,252,255,255,255,255,255,255,255,255,255,255,255,254,35,3,0,2,0,0,0,0,0,0,0,0,0,1,1,0,1,0,0,5,0,0,0,0,0,0,0,0,0,0,0,2,0,1,0,0,0,0,0,0,0,0,0,0,0,0,0,2,2,0,2,0,0,0,0,0,0,0,0,0,0,1,0,3,3,0,0,3,0,0,0,0,0,0,0,0,0,2,2,0,0,0,0,2,1,0,0,0,0,0,0,0,0,2,1,0,0,2,0,2,0,0,0,0,0,0,0,0,0,0,2,0,1,4,0,0,0,0,0,0,0,0,0,0,0,0,4,0,0,2,0,1,2,0,0,0,0,0,0,0,0,0,0,4,1,0,0,1,0,0,0,0,0,0,0,0,0,4,0,1,0,4,0,0,0,0,0,0,0,0,0,0,0,3,0,0,0,3,3,0,3,0,0,0,0,0,0,0,0,0,1,0,1,0,3,3,1,0,0,0,0,0,0,0,0,0,2,2,0,0,0,0,1,0,0,0,0,0,0,0,0,0,0,1,0,1,1,0,0
0,0,3,0,0,0,0,0,1,0,0,3,0,1,0,1,0,0,0,0,2,0,0,1,0,0,0,0,0,0,0,0,0,0,0,3,1,1,0,0,0,0,0,2,0,0,1,0,3,0,2,0,0,0,1,4,1,0,0,0,0,0,0,0,0,2,0,1,0,0,0,3,1,0,3,0,0,4,0,0,0,0,2,0,0,0,0,0,0,0,0,0,0,0,0,0,0,0,1,0,1,1,0,1,0,0,0,0,4,0,0,1,0,0,0,0,1,2,0,0,1,0,0,0,0,0,0,0,0,0,2,0,1,1,1,0,4,0,0,5,1,0,2,0,0,2,0,0,0,1,2,0,1,0,0,0,0,0,0,0,0,1,0,1,0,0,3,0,0,2,1,0,0,2,0,0,1,0,0,2,0,0,0,0,0,0,0,0,0,0,0,0,0,1,0,1,0,2,0,5,0,1,0,2,0,2,0,1,0,4,0,1,1,0,1,2,1,0,0,0,0,0,0,0,0,1,0,0,0,2,0,48,44,78,255,253,255,254,244,23,43,33,4,0,1,0,0,0,0,0,0,0,0,0,0,0,0,0,0,1,0,0,166,255,255,255,253,255,255,253,254,255,254,254,142,159,0,2,0,1,0,0,1,1,0,1,0,0,2,0,0,2,66,255,255,254,255,253,255,253,255,255,254,253,255,255,255,255,251,72,0,5,0,0,0,1,3,0,3,0,0,2,0,71,255,253,250,255,255,255,255,173,165,164,171,168,167,184,254,254,254,255,252,20,1,3,0,0,0,1,0,0,3,0,93,255,250,255,255,252,254,39,65,0,3,0,0,0,0,2,63,49,255,255,255,237,217,0,7,2,0,1,0,0,0,44,255,253,254,254,253,255,21,1,1,0,1,1,1,1,1,4,0,1,2,0,237,254,255,237,0,1,0,1,0,3,0,23,255,254,255,254,255,40,0,3,0,3,1,0,0,0,0,0,0,2,0,5,0,123,254,255,211,4,0,0,1,0,1,240,252,255,253,254,7,0,0,0,5,0,0,0,2,2,0,0,2,0,0,0,0,0,14,60,255,245,3,0,3,2,0,254,255,255,252,255,0,0,0,0,0,1,0,0,0,0,1,1,0,1,0,0,2,0,0,0,84,255,226,3,0,0,2,255,253,252,255,254,0,0,0,0,2,0,0,0,0,2,0,0,1,0,0,0,2,0,0,0,0,60,255,237,0,2,0,29,255,255,255,254,0,1,0,1,0,0,1,1,0,0,0,0,0,0,2,0,0,3,1,1,0,0,2,162,254,3,2,48,254,254,253,255,3,1,0,0,1,0,0,0,0,1,0,0,1,3,0,0,1,0,1,0,4,2,0,0,255,49,0,0,165,255,255,254,213,0,1,3,1,0,1,1,0,0,3,2,0,0,0,4,0,0,1,0,0,0,4,0,45,177,0,4,104,255,254,255,251,255,255,37,56,62,57,57,62,55,37,255,251,73,1,0,0,2,0,1,0,1,1,0,1,97,36,0,0,76,255,255,255,255,253,254,255,255,255,255,255,255,254,255,253,254,3,1,2,0,0,0,0,0,0,4,0,1,159,2,0,0,0,174,252,255,252,255,255,253,254,254,253,255,255,253,255,254,188,0,0,1,1,0,5,0,1,0,4,0,0,0,1,0,2,0,161,201,255,251,255,255,255,255,255,255,252,254,255,253,255,84,1,0,0,1,0,1,0,0,0,0,2,0,0,1,1,0,3,14,25,255,255,255,255,255,255,255,255,254,255,255,255,75,0,0,0,0,0,0,0,0,0,0,0,0,0,0,0,0,0,0,2,0,0,0,0,0,0,0,0,2,0,1,1,0,0,3,0,0,0,0,0,0,0,0,0,1,0,0,1,2,1,0,0,0,0,0,0,0,0,0,0,1,0,0,1,0,3,0,2,0,0,0,0,0,0,0,0,1,1,0,0,0,0,0,2,0,0,0,0,0,0,0,0,0,2,0,1,2,1,0,0,0,0,0,0,0,0,0,0,0,0,1,1,0,0,0,0,0,0,0,0,0,0,0,0,0,4,0,0,0,0,1,2,0,0,0,0,0,0,0,0,0,0,0,0,1,2,2,1,0,0,0,0,0,0,0,0,3,0,0,7,0,2,0,0,0,0,0,0,0,0,0,0,2,1,0,0,0,0,0,0,0,0,0,0,0,0,0,0,0,0,0,0,0,2,0,1,0,0,0,0,0,0,0,0,0,0,2,2,0,0,1,1,0,0,0,0,0,0,0,0,0,1,0,2,0,0,0,0,0,0,0,0,0,0,0,0
1,0,0,0,0,0,0,0,0,1,0,1,2,0,1,1,0,0,4,0,3,1,0,2,2,0,3,0,0,0,0,0,1,0,0,0,0,0,0,0,0,0,1,0,2,3,0,0,0,1,0,4,0,0,0,0,0,0,0,0,2,2,0,0,0,0,0,0,0,0,0,0,0,2,0,1,0,0,5,0,0,0,3,0,0,0,1,1,1,2,2,1,0,0,0,4,0,0,0,0,0,0,0,0,0,0,0,1,0,3,0,0,3,0,0,0,0,0,2,0,1,0,0,0,0,0,0,1,0,0,0,0,0,0,0,0,0,0,0,1,0,0,2,0,0,0,2,0,1,2,0,0,0,2,0,0,0,3,0,0,1,0,0,0,0,0,0,0,0,0,2,0,2,1,0,0,3,0,1,0,0,0,5,0,1,0,1,2,0,0,0,0,2,0,0,0,0,0,0,0,0,4,0,0,0,0,0,2,0,2,0,0,0,3,0,0,1,2,0,0,1,0,1,0,0,0,0,0,0,0,0,0,0,0,1,3,0,8,46,40,255,254,255,255,254,254,254,255,32,47,7,0,3,0,0,0,1,0,0,0,0,0,0,0,0,0,0,0,0,225,255,255,253,254,254,255,255,255,254,255,254,255,176,135,1,0,1,2,0,0,0,0,0,0,0,0,0,0,2,0,0,77,255,254,255,255,255,253,252,255,255,253,255,255,255,255,252,41,1,0,2,0,0,0,0,0,0,0,0,0,0,1,3,0,99,164,255,252,255,255,255,255,255,255,251,253,255,252,255,253,60,3,0,0,0,0,0,0,0,0,0,1,0,0,0,0,0,1,133,255,255,254,255,251,255,255,255,255,255,255,251,254,254,80,2,0,0,0,0,0,0,0,0,0,0,2,0,3,2,1,2,150,220,0,3,2,0,1,0,0,0,0,249,255,255,250,42,0,0,0,0,0,0,0,0,3,0,0,1,0,0,0,0,0,1,2,0,0,4,0,0,1,2,1,0,78,253,255,14,0,0,0,0,0,0,0,0,0,0,4,0,2,3,0,1,1,0,1,1,0,3,0,0,2,0,0,0,1,255,255,239,0,0,0,0,0,0,0,0,2,0,0,0,0,0,3,0,0,2,0,0,0,0,1,0,0,0,3,0,0,255,252,255,209,71,0,0,0,0,4,0,0,3,0,0,0,0,3,0,1,0,0,2,0,2,0,0,0,0,0,2,135,255,255,255,22,255,50,0,0,1,0,3,0,0,1,1,1,2,0,3,2,0,3,0,0,2,0,0,0,4,0,133,255,254,255,252,1,128,254,111,38,1,0,0,0,1,0,1,0,1,2,0,0,2,0,1,1,0,4,0,0,87,134,255,252,255,253,155,2,0,247,253,255,0,3,0,1,0,3,1,0,2,0,0,3,0,1,0,0,0,0,238,225,251,255,248,255,255,254,38,0,8,0,214,231,255,251,150,56,43,0,1,1,1,0,1,0,0,64,56,69,255,254,255,253,255,254,255,255,252,80,0,0,1,3,1,23,255,254,255,255,246,161,166,167,164,169,165,170,168,255,255,255,250,253,255,255,253,255,253,253,59,3,0,1,0,0,1,1,0,46,255,254,255,254,255,254,255,254,255,253,254,253,255,254,255,255,252,253,255,255,252,38,1,3,0,0,3,0,0,0,0,2,0,143,145,229,253,255,254,255,253,255,255,255,253,255,254,252,255,255,175,154,69,2,0,0,1,0,0,0,0,0,0,0,0,0,0,27,44,44,20,249,255,254,255,255,254,254,254,255,32,45,9,0,1,1,0,0,2,0,0,0,0,0,0,0,0,1,0,1,0,2,1,0,2,2,0,0,0,3,0,0,1,2,0,1,1,0,2,1,0,0,0,0,0,0,0,0,0,1,2,0,2,0,0,3,0,0,1,0,0,0,5,0,1,0,0,3,0,0,0,1,0,0,0,0,0,0,0,0,0,0,0,0,0,3,0,0,3,0,2,0,1,2,0,0,0,2,0,0,0,2,0,0,1,0,0,0,0,0,0,0,0,1,0,2,3,0,1,0,0,0,0,0,0,0,2,0,1,0,0,0,0,0,0,0,0,0,0,0,0,0,0,0,0,0,1,3,0,0,2,0,2,0,3,0,0,0,1,1,1,1,4,0,0,0,0,1,1,0,0,0,0,0,0,0,0,0,2,0,2,1,0,0,0,1,0,4,0,0,0,0,0,0,0,0,2,3,0,0,0,0,0,0,0,0,0,0,0,3,0,3,0,0,0,3,0,0,4,0,3,1,0,2,2,0,1,0,2,0,0,1,1
0,0,0,0,0,0,0,0,0,0,0,0,0,0,0,0,0,0,1,0,0,2,0,2,0,1,0,1,0,0,0,2,0,0,0,0,0,0,0,0,0,0,0,0,0,0,0,0,0,0,2,1,0,1,0,1,2,0,0,0,0,2,1,0,1,0,0,0,0,0,0,0,0,0,0,0,0,0,0,0,0,3,0,0,2,0,4,0,0,2,0,0,1,1,0,0,0,0,0,0,0,0,0,0,0,0,0,0,0,0,0,0,0,0,0,0,1,1,0,2,0,0,0,2,2,0,1,4,0,0,0,0,0,0,0,0,0,0,0,0,0,0,0,0,0,0,1,0,0,1,0,0,3,1,0,0,1,0,0,1,2,0,0,0,0,0,0,0,0,0,0,0,0,0,0,0,0,0,0,2,2,0,0,2,0,0,2,0,0,3,2,0,0,0,0,0,0,0,0,0,0,0,0,0,0,0,0,0,0,0,2,0,0,0,0,2,0,1,0,0,0,0,0,2,1,0,0,0,0,0,0,0,0,0,0,0,0,0,0,0,0,0,0,115,101,255,255,254,255,254,115,14,1,2,0,1,0,244,255,0,0,0,0,1,0,0,0,0,0,0,0,0,0,0,255,251,255,255,254,255,254,254,255,253,182,0,1,0,0,92,251,255,0,1,0,0,0,0,0,0,0,0,0,0,0,0,254,254,255,252,255,253,254,255,255,255,254,210,0,2,0,0,255,255,42,0,2,0,1,0,0,0,0,0,0,0,0,1,2,254,255,254,255,255,255,254,255,255,251,255,230,0,0,2,34,252,255,90,0,2,0,0,0,0,0,0,0,0,0,0,0,166,252,255,255,147,58,57,60,219,255,255,255,231,0,0,0,255,255,218,0,0,2,0,0,0,0,0,0,0,0,0,4,0,255,103,2,3,0,0,0,2,24,255,253,250,51,0,3,0,237,251,244,0,2,0,0,0,0,0,0,0,0,0,0,1,2,0,2,0,3,3,0,0,1,7,255,255,163,0,0,0,140,255,255,255,1,2,1,0,0,0,0,0,0,0,0,3,0,4,1,0,2,0,0,2,1,2,0,255,252,1,0,2,2,113,254,255,255,2,1,0,0,0,0,0,0,1,1,0,0,1,0,3,0,1,0,0,0,1,0,212,255,1,1,0,2,0,254,255,253,255,131,0,0,1,0,2,0,2,0,0,3,0,0,1,0,0,0,2,0,0,1,216,255,0,0,2,0,1,0,254,255,252,255,197,0,0,2,1,0,0,2,0,0,0,1,0,0,1,1,0,1,0,3,210,255,0,1,2,0,2,0,0,254,253,255,253,255,164,0,3,1,3,0,0,1,0,1,3,3,0,4,1,0,0,0,255,253,1,1,0,0,0,4,0,2,247,252,255,255,253,184,64,0,0,1,1,1,2,0,0,0,0,0,1,0,3,255,255,255,0,0,0,7,0,0,2,0,2,247,254,254,251,255,253,255,62,0,2,0,0,0,0,3,1,0,61,167,255,255,255,80,2,0,2,0,0,0,3,0,0,0,33,255,255,248,255,254,255,255,252,255,14,1,254,255,255,255,252,255,251,251,255,2,0,0,0,0,2,2,0,6,0,2,0,8,255,254,254,255,252,255,255,254,255,252,253,255,251,255,253,253,255,254,0,0,1,0,2,0,1,1,2,0,1,0,1,1,0,187,255,255,255,252,255,255,254,254,255,252,255,251,255,255,227,1,0,0,0,0,0,0,0,0,0,0,0,0,0,0,4,0,21,118,255,255,255,255,255,255,255,255,253,255,144,44,1,1,0,0,0,0,0,0,0,0,0,0,0,0,2,0,0,2,0,0,0,0,0,0,0,0,0,0,0,4,0,3,0,0,2,2,0,0,0,0,0,0,0,0,2,0,0,1,0,2,3,0,0,0,0,0,0,0,0,0,1,0,1,0,0,0,0,0,0,0,0,0,0,0,0,0,0,3,0,0,2,0,0,1,0,0,0,0,0,0,0,0,0,0,4,0,4,2,0,1,0,0,0,0,0,0,0,0,1,0,0,0,0,1,3,0,0,0,0,0,0,0,0,0,2,0,0,0,1,0,1,0,0,0,0,0,0,0,0,0,0,0,3,3,0,0,0,0,0,0,0,0,0,0,0,0,2,1,0,0,0,0,4,0,0,0,0,0,0,0,0,0,0,1,1,0,0,2,2,1,0,0,0,0,0,0,0,0,0,0,0,1,4,0,0,1,0,0,0,0,0,0,0,0,0,0,1,0,2,0,0,0,0,0,0,0,0,0,0,0,1,0,2,0,1,0,0,0
1,0,0,0,0,0,0,0,0,0,0,0,0,0,0,0,0,0,0,0,0,0,0,0,0,0,0,0,0,0,0,0,0,0,0,0,0,0,0,0,0,0,0,0,0,0,0,0,0,0,0,0,0,0,0,0,0,0,0,0,0,0,0,0,0,0,0,0,0,0,0,0,0,0,0,0,0,0,0,0,0,0,0,0,0,0,0,0,0,0,0,0,0,0,0,0,0,0,0,0,0,0,0,0,0,0,0,0,0,0,0,0,0,0,0,0,0,0,0,0,0,0,0,0,0,0,0,0,0,0,0,0,0,0,0,0,0,0,0,0,0,0,0,0,0,0,0,0,0,0,0,0,0,0,0,0,0,0,0,0,0,0,0,0,0,0,0,0,0,0,0,0,0,0,0,0,0,0,0,0,0,0,0,0,0,0,0,0,0,0,0,0,0,0,0,0,0,0,0,0,0,0,0,0,0,0,0,0,0,0,0,0,0,0,0,0,0,0,0,0,0,0,0,0,0,0,0,0,0,0,0,0,0,0,0,0,0,0,0,0,0,0,0,0,0,0,0,0,0,0,0,0,0,0,0,0,0,0,1,0,4,0,14,108,239,255,255,255,255,251,255,93,108,0,2,1,0,0,0,2,0,0,0,2,0,3,1,0,1,1,1,0,50,252,255,251,255,255,255,251,255,255,252,255,254,255,132,34,1,1,0,1,0,0,2,0,2,0,0,2,1,0,0,255,255,254,253,255,255,255,255,255,254,253,255,253,255,254,255,255,223,34,3,0,1,2,0,0,2,0,1,0,0,0,255,253,254,248,255,0,0,0,0,1,3,0,0,75,245,255,254,254,255,255,54,0,0,0,2,1,0,1,0,0,0,90,251,255,85,9,2,0,0,0,4,0,0,0,0,0,0,19,193,255,255,254,250,255,1,0,3,0,0,0,5,0,1,253,255,63,0,1,0,1,1,0,0,0,0,0,1,0,2,1,0,20,97,255,255,250,255,0,0,0,3,0,0,0,2,254,234,4,0,0,1,0,1,0,0,4,0,2,0,2,0,0,3,0,2,0,251,255,254,255,181,0,1,0,2,4,0,255,235,2,4,0,0,2,0,2,0,0,1,0,0,2,0,0,0,0,1,0,0,49,253,255,253,188,0,0,0,0,0,255,254,100,4,0,1,1,0,0,0,0,0,0,3,0,1,0,1,0,1,2,0,7,34,176,255,254,199,1,0,0,0,82,253,255,106,21,0,0,1,1,0,3,0,3,0,2,0,0,2,0,0,1,0,0,3,1,184,252,255,16,0,2,0,86,255,255,255,255,204,21,19,22,21,63,255,255,0,1,1,0,1,1,0,1,2,0,0,0,5,159,255,254,12,0,0,0,49,251,254,255,253,255,255,255,252,255,254,255,109,1,0,0,0,1,1,0,0,0,2,3,0,3,130,252,245,0,2,4,0,27,255,255,255,254,254,255,255,255,255,252,255,142,2,1,0,0,2,0,0,0,0,0,1,0,0,94,255,243,0,0,0,2,29,253,253,255,255,255,255,252,254,255,253,253,0,0,0,0,0,0,2,3,1,0,1,2,1,9,255,252,65,1,3,0,3,3,122,116,254,255,255,252,255,140,122,0,4,0,2,1,0,0,0,0,0,2,0,0,0,1,1,255,188,0,0,1,0,0,0,2,0,2,0,1,3,0,0,2,0,0,0,0,0,2,1,0,0,0,0,0,0,0,1,0,0,0,0,0,0,0,0,0,0,0,0,0,0,0,0,0,0,0,0,0,0,0,0,0,0,0,0,0,0,0,0,0,0,0,0,0,0,0,0,0,0,0,0,0,0,0,0,0,0,0,0,0,0,0,0,0,0,0,0,0,0,0,0,0,0,0,0,0,0,0,0,0,0,0,0,0,0,0,0,0,0,0,0,0,0,0,0,0,0,0,0,0,0,0,0,0,0,0,0,0,0,0,0,0,0,0,0,0,0,0,0,0,0,0,0,0,0,0,0,0,0,0,0,0,0,0,0,0,0,0,0,0,0,0,0,0,0,0,0,0,0,0,0,0,0,0,0,0,0,0,0,0,0,0,0,0,0,0,0,0,0,0,0,0,0,0,0,0,0,0,0,0,0,0,0,0,0,0,0,0,0,0,0,0,0,0,0,0,0,0,0,0,0,0,0,0,0,0,0,0,0,0,0,0,0,0,0,0,0,0,0,0,0,0,0,0,0,0,0,0,0,0,0,0,0,0,0,0,0,0,0,0,0,0,0,0,0,0,0,0,0,0,0,0,0,0,0,0,0,0,0,0,0,0,0,0,0
0,0,0,0,0,0,0,0,0,0,0,0,0,0,0,0,0,0,0,0,0,0,0,0,0,0,0,0,0,0,0,0,0,0,0,0,0,0,0,0,0,0,0,0,0,0,0,0,0,0,0,0,0,0,0,0,0,0,0,0,0,0,0,0,0,0,0,0,0,0,0,0,0,0,0,0,0,0,0,0,0,0,0,0,0,0,0,0,0,0,0,0,0,0,0,0,0,0,0,0,0,0,0,0,0,0,0,0,0,0,0,0,0,0,0,0,0,0,0,0,0,0,0,0,0,0,0,0,0,0,0,0,0,0,0,0,0,0,0,0,0,0,0,0,0,0,0,0,0,0,0,0,0,0,0,0,0,0,0,0,0,0,0,0,0,0,0,0,0,0,0,0,0,0,0,0,0,0,0,0,0,0,0,0,0,0,0,0,0,0,0,0,0,0,0,0,0,0,0,0,0,0,0,0,0,0,0,0,0,0,0,0,0,0,0,0,0,0,0,0,0,0,0,0,0,0,0,0,0,0,0,0,0,0,0,0,0,0,0,0,0,0,0,0,0,0,0,0,0,0,0,0,0,0,0,0,0,0,0,0,2,0,35,1,230,255,255,255,255,255,173,12,29,3,0,4,0,0,2,2,0,1,0,0,1,0,1,0,0,0,4,2,76,116,250,255,255,255,255,255,253,255,255,255,253,76,102,20,0,3,1,0,2,2,0,0,0,0,3,0,2,0,0,79,255,253,255,255,255,254,255,255,255,255,254,252,255,255,255,201,175,0,0,0,2,0,1,1,0,1,0,1,0,24,252,250,255,252,255,255,255,255,255,255,254,255,255,252,255,255,251,255,254,202,3,0,0,5,0,0,4,0,0,0,1,53,253,252,255,225,246,67,1,0,0,0,3,0,0,144,228,230,255,254,255,253,255,119,0,0,0,2,0,3,1,2,0,255,255,199,174,0,2,1,0,2,2,1,0,0,4,0,3,0,178,232,255,254,254,255,120,0,6,0,0,0,0,0,0,255,253,92,2,1,0,0,0,0,0,0,0,5,0,0,0,0,0,54,79,254,255,250,255,134,0,2,0,2,2,0,3,255,174,1,0,1,1,0,0,0,4,0,1,0,1,4,0,0,1,0,1,26,117,255,255,255,240,67,0,0,0,2,0,254,167,0,2,0,0,0,1,0,3,0,1,1,0,0,0,0,1,1,0,0,2,134,255,255,254,254,58,0,2,0,0,254,202,11,0,3,1,0,1,3,0,0,2,0,1,0,2,0,0,0,0,3,2,0,144,174,255,249,255,2,0,7,0,254,255,225,1,0,2,3,0,0,0,1,2,3,5,0,1,2,0,3,0,0,0,7,0,0,177,255,255,137,1,0,2,50,255,255,247,0,0,2,0,1,2,0,1,219,0,5,0,0,0,1,4,0,0,0,0,0,0,188,252,255,137,2,0,25,255,253,255,255,185,7,26,28,9,183,255,251,179,0,0,3,0,0,0,3,0,0,3,1,1,1,202,253,255,98,1,0,29,249,253,253,255,255,255,254,255,255,252,255,200,10,2,1,0,2,2,0,0,1,0,0,0,4,0,189,252,161,7,2,0,29,254,255,253,254,254,255,255,255,254,255,255,244,17,0,4,0,0,3,0,2,0,0,2,0,0,1,164,254,3,0,0,1,26,50,254,255,255,254,255,255,255,254,253,116,1,1,0,2,0,0,2,0,0,2,0,0,4,0,90,255,231,0,0,0,0,0,0,0,0,0,0,0,0,0,0,0,0,0,0,0,0,0,0,0,0,0,0,0,0,0,0,0,0,0,0,0,0,0,0,0,0,0,0,0,0,0,0,0,0,0,0,0,0,0,0,0,0,0,0,0,0,0,0,0,0,0,0,0,0,0,0,0,0,0,0,0,0,0,0,0,0,0,0,0,0,0,0,0,0,0,0,0,0,0,0,0,0,0,0,0,0,0,0,0,0,0,0,0,0,0,0,0,0,0,0,0,0,0,0,0,0,0,0,0,0,0,0,0,0,0,0,0,0,0,0,0,0,0,0,0,0,0,0,0,0,0,0,0,0,0,0,0,0,0,0,0,0,0,0,0,0,0,0,0,0,0,0,0,0,0,0,0,0,0,0,0,0,0,0,0,0,0,0,0,0,0,0,0,0,0,0,0,0,0,0,0,0,0,0,0,0,0,0,0,0,0,0,0,0,0,0,0,0,0,0,0,0,0,0,0,0,0,0,0,0,0,0,0,0,0,0,0,0,0,0,0,0,0,0,0,0,0,0,0,0,0,0,0,0,0,0,0,0,0,0,0,0
1,0,0,0,0,0,0,0,0,0,0,0,0,0,0,0,0,2,0,0,0,0,0,0,0,0,0,1,0,0,0,0,0,0,0,0,0,0,0,0,0,0,0,0,0,0,0,0,0,0,1,0,0,1,0,2,0,1,1,0,0,0,0,0,1,0,0,0,0,0,0,0,0,0,0,0,0,0,0,0,0,0,0,1,0,0,1,0,0,0,0,0,0,1,1,0,0,0,0,0,0,0,0,0,0,0,0,0,0,0,0,0,0,2,1,0,2,2,0,0,1,0,0,0,1,1,0,0,0,0,0,0,0,0,0,0,0,0,0,0,0,0,0,0,0,0,0,1,0,0,3,0,0,2,2,1,0,0,0,0,1,0,0,0,0,0,0,0,0,0,0,0,0,0,0,0,0,3,0,1,0,0,1,0,2,0,0,0,0,0,0,0,0,0,0,0,0,0,0,0,0,0,0,0,0,0,0,0,0,0,2,1,1,0,0,2,0,2,1,0,0,1,1,0,0,0,0,0,0,0,0,0,0,0,0,0,0,0,0,0,0,16,251,255,255,254,255,255,28,18,12,3,0,0,0,1,1,0,1,0,0,0,0,0,2,0,0,0,0,0,0,0,0,14,255,253,255,253,255,249,255,255,247,40,30,1,0,0,1,0,1,0,3,0,0,0,0,0,0,0,0,0,0,0,0,11,255,253,254,255,253,255,251,255,255,255,208,109,18,1,0,0,1,1,0,0,2,5,0,0,0,0,0,0,0,0,0,7,131,255,255,252,255,255,255,254,251,251,255,255,212,19,3,1,0,1,0,2,0,0,0,0,0,0,0,0,0,0,0,0,37,255,254,255,254,255,255,255,251,255,255,252,255,20,0,0,4,1,0,0,0,2,1,0,0,0,0,0,0,0,0,0,3,8,3,8,7,4,7,13,255,254,255,255,254,255,13,1,0,0,3,0,1,3,0,0,0,0,0,0,0,0,0,2,0,0,2,0,0,0,0,4,0,0,81,255,255,254,41,72,3,2,0,3,0,0,1,0,0,0,0,0,0,0,0,0,3,2,0,1,1,3,0,0,0,0,1,140,253,255,254,255,112,83,1,0,3,0,0,0,0,0,0,0,0,0,0,0,0,1,0,1,0,0,1,0,2,1,0,59,226,252,255,90,255,238,186,56,0,0,2,2,0,0,0,2,0,0,1,0,0,0,0,0,0,0,0,0,2,0,3,1,166,255,254,0,75,255,252,255,46,5,0,0,5,0,0,1,0,1,2,1,1,1,1,1,1,1,1,1,1,0,0,126,254,252,255,0,0,69,255,253,255,251,23,5,0,4,0,0,0,0,0,0,0,0,0,0,0,0,0,2,0,4,1,147,255,255,10,0,1,0,1,102,255,255,251,255,23,48,25,2,0,2,2,1,1,1,1,1,1,1,1,0,0,0,155,253,252,255,11,0,0,2,3,0,105,153,255,251,255,255,205,76,92,106,0,0,0,0,0,0,0,0,0,97,94,149,254,251,255,188,10,1,2,0,0,1,2,0,104,122,252,253,253,255,255,252,153,144,144,144,144,144,143,143,142,255,253,255,255,250,255,28,0,0,0,0,1,2,1,3,0,0,63,130,254,255,255,252,253,255,255,255,255,255,255,255,254,255,255,252,254,255,133,5,2,1,1,2,0,0,0,0,0,1,0,3,20,0,187,255,255,255,255,255,255,255,255,255,255,254,255,255,153,2,4,0,0,0,0,0,0,0,0,0,0,0,0,0,0,0,0,0,0,0,0,0,0,0,0,0,0,0,0,0,0,0,0,0,0,0,0,0,0,0,0,0,0,0,0,0,0,0,0,0,0,0,0,0,0,0,0,0,0,0,0,0,0,0,0,0,0,0,0,0,0,0,0,0,0,0,0,0,0,0,0,0,0,0,0,0,0,0,0,0,0,0,0,0,0,0,0,0,0,0,0,0,0,0,0,0,0,0,0,0,0,0,0,0,0,0,0,0,0,0,0,0,0,0,0,0,0,0,0,0,0,0,0,0,0,0,0,0,0,0,0,0,0,0,0,0,0,0,0,0,0,0,0,0,0,0,0,0,0,0,0,0,0,0,0,0,0,0,0,0,0,0,0,0,0,0,0,0,0,0,0,0,0,0,0,0,0,0,0,0,0,0,0,0,0,0,0,0,0,0,0,0,0,0,0,0,0,0,0,0,0,0,0,0,0,0,0,0,0,0,0,0,0,0,0,0,0,0,0,0,0,0,0,0,0,0,0,0,0,0,0,0,0,0,0,0,0,0,0,0,0,0,0,0,0,0,0,0,0
0,0,0,0,0,0,0,0,0,0,0,0,0,0,0,0,0,0,0,0,0,0,0,0,0,0,0,0,0,0,0,0,0,0,0,0,0,0,0,0,0,0,0,0,0,0,0,0,0,0,0,0,0,0,0,0,0,0,0,0,0,0,0,0,0,0,0,0,0,0,0,0,0,0,0,0,0,0,0,0,0,0,0,0,0,0,0,0,0,0,0,0,0,0,0,0,0,0,0,0,0,0,0,0,0,0,0,0,0,0,0,0,0,0,0,0,0,0,0,0,0,0,0,0,0,0,0,0,0,0,0,0,0,0,0,0,0,0,0,0,0,0,0,0,0,0,0,0,0,0,0,0,0,0,0,0,0,0,0,0,0,0,0,0,0,0,0,0,0,0,0,0,0,0,0,0,0,0,0,0,0,0,0,0,0,0,0,0,0,0,0,0,0,0,0,0,0,0,0,0,0,0,0,0,0,0,0,0,0,0,0,0,0,0,0,0,0,0,0,0,0,0,0,0,0,0,0,0,0,0,0,0,0,0,0,0,0,0,0,0,0,0,0,0,0,0,0,0,0,0,0,0,0,0,0,0,0,1,0,1,0,31,28,0,231,255,255,255,255,255,174,12,27,25,0,0,1,0,0,3,0,0,0,1,2,0,0,4,0,0,1,0,69,251,255,255,255,255,255,255,254,255,249,255,255,255,76,25,0,2,0,0,4,2,2,0,0,1,6,0,1,0,38,164,255,255,252,255,253,255,255,255,254,255,255,252,253,254,255,200,177,4,1,2,0,1,0,0,2,0,0,0,1,25,255,252,255,255,255,250,51,28,25,27,29,28,25,4,249,255,254,253,253,229,138,0,2,0,0,3,0,2,3,0,1,49,254,255,229,200,0,3,2,0,1,3,0,0,1,0,1,0,72,244,255,251,255,119,23,2,0,2,0,0,1,0,0,255,250,228,2,1,2,0,0,1,0,2,0,5,2,0,0,0,0,1,141,179,251,255,255,67,1,0,1,1,0,1,1,252,208,8,0,2,0,3,1,0,0,0,1,0,0,1,0,0,2,1,2,0,88,217,255,254,81,0,1,0,0,0,0,255,162,0,0,2,0,0,1,0,4,0,0,0,2,0,1,1,0,1,0,0,3,0,249,254,255,65,2,0,0,0,2,255,162,2,0,0,0,0,1,0,0,1,0,0,1,0,1,0,0,0,0,0,0,0,0,10,252,255,55,0,0,0,1,255,164,0,0,0,1,0,0,1,0,0,1,1,0,2,0,0,0,0,0,0,0,0,0,0,32,242,253,70,0,0,0,252,147,3,2,0,2,3,0,1,2,0,0,2,0,0,0,0,0,0,0,0,0,0,0,0,4,52,79,252,78,1,0,52,255,66,0,2,0,0,1,0,2,0,0,0,2,3,0,0,0,0,0,0,0,0,0,0,0,0,2,57,252,79,0,23,251,255,54,3,0,0,0,4,0,0,0,29,16,0,1,0,0,0,0,0,0,0,0,2,0,3,0,0,84,122,2,1,35,243,255,77,53,0,0,0,0,54,81,255,217,9,1,0,0,0,0,0,0,0,0,0,2,2,1,0,0,132,7,0,1,27,255,255,227,160,161,165,156,231,255,255,255,223,15,0,0,0,0,0,0,0,0,0,0,0,2,0,1,2,166,1,0,1,26,46,255,253,255,253,255,253,255,253,255,255,26,0,0,0,0,0,0,0,0,1,0,2,0,1,0,0,27,0,0,0,0,0,0,0,0,0,0,0,0,0,0,0,0,0,0,0,0,0,0,0,0,0,0,0,0,0,0,0,0,0,0,0,0,0,0,0,0,0,0,0,0,0,0,0,0,0,0,0,0,0,0,0,0,0,0,0,0,0,0,0,0,0,0,0,0,0,0,0,0,0,0,0,0,0,0,0,0,0,0,0,0,0,0,0,0,0,0,0,0,0,0,0,0,0,0,0,0,0,0,0,0,0,0,0,0,0,0,0,0,0,0,0,0,0,0,0,0,0,0,0,0,0,0,0,0,0,0,0,0,0,0,0,0,0,0,0,0,0,0,0,0,0,0,0,0,0,0,0,0,0,0,0,0,0,0,0,0,0,0,0,0,0,0,0,0,0,0,0,0,0,0,0,0,0,0,0,0,0,0,0,0,0,0,0,0,0,0,0,0,0,0,0,0,0,0,0,0,0,0,0,0,0,0,0,0,0,0,0,0,0,0,0,0,0,0,0,0,0,0,0,0,0,0,0,0,0,0,0,0,0,0,0,0,0,0,0,0,0,0,0,0,0,0,0,0,0,0,0,0,0,0,0,0
1,0,0,0,0,0,0,0,0,0,0,2,0,0,1,2,0,0,1,0,1,1,0,2,0,0,1,0,0,0,0,4,0,0,0,0,0,0,0,0,0,1,0,1,0,2,1,0,0,3,0,3,1,0,0,0,1,3,0,4,1,1,1,0,0,0,0,0,0,0,0,0,0,1,0,0,0,3,0,0,2,0,0,0,0,0,2,4,0,0,3,0,0,0,0,0,5,0,0,0,0,0,0,0,0,0,2,3,0,0,0,2,0,0,1,2,0,0,0,0,3,1,0,2,0,2,3,1,0,0,0,0,0,0,0,0,0,2,0,0,3,0,0,1,0,1,0,0,0,0,0,0,0,0,2,0,1,0,0,1,2,0,0,0,0,0,0,0,0,0,0,0,3,1,0,3,0,0,1,0,0,3,2,0,0,2,3,0,2,0,2,0,0,0,0,0,0,0,0,0,0,2,4,0,0,3,0,2,2,133,255,254,255,249,255,255,64,0,4,2,0,0,2,0,0,0,0,0,0,0,0,0,0,0,0,3,0,0,1,120,254,255,254,253,255,255,255,253,255,255,255,55,15,0,1,0,0,0,0,0,0,0,0,0,0,1,0,0,1,2,0,117,254,254,255,255,255,255,255,255,255,255,254,253,255,50,0,0,0,0,0,0,0,0,0,0,0,0,3,0,1,0,1,92,255,242,212,210,214,218,213,211,249,254,255,255,255,255,59,2,0,0,0,0,0,0,0,0,0,1,0,3,0,0,0,3,100,105,0,1,1,0,0,3,145,201,254,250,253,254,255,61,4,0,0,0,0,0,0,0,0,1,0,0,3,0,2,0,0,0,5,1,0,1,4,1,1,0,146,187,255,255,255,255,2,0,0,0,0,0,0,0,0,0,3,1,0,1,1,0,2,0,0,0,1,0,0,0,2,3,0,0,142,255,255,254,1,0,0,0,0,0,0,0,0,0,0,0,5,2,0,4,0,2,0,0,3,0,0,4,0,0,3,5,0,133,250,253,99,0,0,0,0,0,0,0,0,1,0,1,0,0,0,0,1,1,0,1,0,0,1,1,1,1,0,0,0,1,241,254,255,0,0,0,0,0,0,0,0,0,0,0,0,3,0,1,0,0,2,0,0,1,0,0,0,0,0,0,1,0,236,255,254,0,0,0,2,0,1,0,0,0,0,0,0,3,0,1,0,0,3,0,0,0,1,0,1,0,0,2,0,1,236,255,255,0,4,0,0,3,0,1,2,0,0,2,0,0,0,0,1,0,0,2,0,0,0,1,0,1,3,0,4,2,238,255,254,198,0,0,7,0,0,0,1,0,7,0,0,1,1,0,1,0,1,0,5,1,0,3,0,0,0,3,0,148,250,255,85,82,219,200,0,0,5,0,0,0,0,1,0,4,0,0,0,0,1,2,0,0,3,0,0,0,4,1,0,241,255,254,0,0,66,73,214,0,0,0,2,1,1,0,0,0,3,0,0,0,0,0,0,4,1,0,0,1,2,0,171,254,250,253,5,0,0,0,67,254,240,168,1,0,4,1,0,0,0,0,0,2,2,0,1,0,0,0,6,0,3,176,254,253,255,50,1,0,2,0,2,29,65,255,245,167,0,0,3,0,1,3,1,0,0,3,2,0,3,0,0,176,229,253,255,251,46,0,0,0,0,2,0,0,4,9,72,254,252,247,253,144,0,0,0,0,3,0,0,1,0,168,248,250,255,254,253,42,0,0,0,0,0,0,0,0,0,0,0,4,1,83,254,253,249,252,249,250,250,250,250,249,251,253,255,255,254,254,36,0,0,4,0,0,0,0,0,0,0,0,0,0,2,0,3,2,0,1,0,0,0,0,0,0,0,0,1,0,2,2,0,2,0,0,1,0,0,0,0,0,0,0,0,2,0,2,0,2,0,1,2,0,0,0,0,0,0,0,0,0,0,3,2,0,0,1,0,0,0,0,0,0,0,0,0,0,0,2,0,0,2,0,0,0,0,0,0,1,1,0,0,2,0,0,0,0,0,3,0,0,0,0,0,0,0,0,0,2,0,0,0,3,0,0,2,0,0,0,0,1,1,0,0,0,2,0,1,1,0,3,1,0,0,0,0,0,0,0,0,0,0,0,0,0,0,6,0,0,0,0,0,0,0,0,0,3,0,1,0,5,1,0,1,0,0,0,0,0,0,0,0,1,2,0,1,0,1,0,1,1,0,0,0,0,0,0,0,0,3,0,0,0,2,1,2,0,0,0,0,0,0,0,0,0,0,3,0,0,0,1,0,0,0,0,0,0,0,0,0,2,0,2,1,0,0,0,0
0,0,0,0,0,0,0,0,0,0,0,0,0,0,0,0,0,0,1,0,0,2,0,2,0,1,0,1,0,0,0,2,0,0,0,0,0,0,0,0,0,0,0,0,0,0,0,0,0,0,2,1,0,1,0,1,2,0,0,0,0,2,1,0,1,0,0,0,0,0,0,0,0,0,0,0,0,0,0,0,0,3,0,0,2,0,4,0,0,2,0,0,1,1,0,0,0,0,0,0,0,0,0,0,0,0,0,0,0,0,0,0,0,0,0,0,1,1,0,2,0,0,0,2,2,0,1,4,0,0,0,0,0,0,0,0,0,0,0,0,0,0,0,0,0,0,1,0,0,1,0,0,3,1,0,0,1,0,0,1,2,0,0,0,0,0,0,0,0,0,0,0,0,0,0,0,0,0,0,2,2,0,0,2,0,0,2,0,0,3,2,0,0,0,0,0,0,0,0,0,0,0,0,0,0,0,0,0,0,0,2,0,0,0,0,2,0,1,0,0,0,0,0,2,1,0,0,0,0,0,0,0,0,0,0,0,0,0,0,0,0,0,0,115,101,255,255,254,255,254,115,14,1,2,0,1,0,244,255,0,0,0,0,1,0,0,0,0,0,0,0,0,0,0,255,251,255,255,254,255,254,254,255,253,182,0,1,0,0,92,251,255,0,1,0,0,0,0,0,0,0,0,0,0,0,0,254,254,255,252,255,253,254,255,255,255,254,210,0,2,0,0,255,255,42,0,2,0,1,0,0,0,0,0,0,0,0,1,2,254,255,254,255,255,255,254,255,255,251,255,230,0,0,2,34,252,255,90,0,2,0,0,0,0,0,0,0,0,0,0,0,166,252,255,255,147,58,57,60,219,255,255,255,231,0,0,0,255,255,218,0,0,2,0,0,0,0,0,0,0,0,0,4,0,255,103,2,3,0,0,0,2,24,255,253,250,51,0,3,0,237,251,244,0,2,0,0,0,0,0,0,0,0,0,0,1,2,0,2,0,3,3,0,0,1,7,255,255,163,0,0,0,140,255,255,255,1,2,1,0,0,0,0,0,0,0,0,3,0,4,1,0,2,0,0,2,1,2,0,255,252,1,0,2,2,113,254,255,255,2,1,0,0,0,0,0,0,1,1,0,0,1,0,3,0,1,0,0,0,1,0,212,255,1,1,0,2,0,254,255,253,255,131,0,0,1,0,2,0,2,0,0,3,0,0,1,0,0,0,2,0,0,1,216,255,0,0,2,0,1,0,254,255,252,255,197,0,0,2,1,0,0,2,0,0,0,1,0,0,1,1,0,1,0,3,210,255,0,1,2,0,2,0,0,254,253,255,253,255,164,0,3,1,3,0,0,1,0,1,3,3,0,4,1,0,0,0,255,253,1,1,0,0,0,4,0,2,247,252,255,255,253,184,64,0,0,1,1,1,2,0,0,0,0,0,1,0,3,255,255,255,0,0,0,7,0,0,2,0,2,247,254,254,251,255,253,255,62,0,2,0,0,0,0,3,1,0,61,167,255,255,255,80,2,0,2,0,0,0,3,0,0,0,33,255,255,248,255,254,255,255,252,255,14,1,254,255,255,255,252,255,251,251,255,2,0,0,0,0,2,2,0,6,0,2,0,8,255,254,254,255,252,255,255,254,255,252,253,255,251,255,253,253,255,254,0,0,1,0,2,0,1,1,2,0,1,0,1,1,0,187,255,255,255,252,255,255,254,254,255,252,255,251,255,255,227,1,0,0,0,0,0,0,0,0,0,0,0,0,0,0,4,0,21,118,255,255,255,255,255,255,255,255,253,255,144,44,1,1,0,0,0,0,0,0,0,0,0,0,0,0,2,0,0,2,0,0,0,0,0,0,0,0,0,0,0,4,0,3,0,0,2,2,0,0,0,0,0,0,0,0,2,0,0,1,0,2,3,0,0,0,0,0,0,0,0,0,1,0,1,0,0,0,0,0,0,0,0,0,0,0,0,0,0,3,0,0,2,0,0,1,0,0,0,0,0,0,0,0,0,0,4,0,4,2,0,1,0,0,0,0,0,0,0,0,1,0,0,0,0,1,3,0,0,0,0,0,0,0,0,0,2,0,0,0,1,0,1,0,0,0,0,0,0,0,0,0,0,0,3,3,0,0,0,0,0,0,0,0,0,0,0,0,2,1,0,0,0,0,4,0,0,0,0,0,0,0,0,0,0,1,1,0,0,2,2,1,0,0,0,0,0,0,0,0,0,0,0,1,4,0,0,1,0,0,0,0,0,0,0,0,0,0,1,0,2,0,0,0,0,0,0,0,0,0,0,0,1,0,2,0,1,0,0,0
1,0,0,0,0,0,0,0,0,0,0,0,0,0,0,0,0,0,0,0,0,0,0,0,0,0,0,0,0,0,0,0,0,0,0,0,0,0,0,0,0,0,0,0,0,0,0,0,0,0,0,0,0,0,0,0,0,0,0,0,0,0,0,0,0,0,0,0,0,0,0,0,0,0,0,0,0,0,0,0,0,0,0,0,0,0,0,0,0,0,0,0,0,0,0,0,0,0,0,0,0,0,0,0,0,0,0,0,0,0,0,0,0,0,0,0,0,0,0,0,0,0,0,0,0,0,0,0,0,0,0,0,0,0,0,0,0,0,0,0,0,0,0,0,0,0,0,0,0,0,0,0,0,0,0,0,0,0,0,0,0,0,0,0,0,0,0,0,0,0,0,0,0,0,0,0,0,0,0,0,0,0,0,0,0,0,0,0,0,0,0,0,0,0,0,0,0,0,0,0,0,0,0,0,0,0,0,0,0,0,0,0,0,0,0,0,0,0,0,0,0,0,0,0,0,0,0,0,0,0,0,0,0,0,0,0,0,0,0,0,0,0,0,0,0,0,0,0,0,0,0,0,0,0,0,0,0,0,1,0,4,0,14,108,239,255,255,255,255,251,255,93,108,0,2,1,0,0,0,2,0,0,0,2,0,3,1,0,1,1,1,0,50,252,255,251,255,255,255,251,255,255,252,255,254,255,132,34,1,1,0,1,0,0,2,0,2,0,0,2,1,0,0,255,255,254,253,255,255,255,255,255,254,253,255,253,255,254,255,255,223,34,3,0,1,2,0,0,2,0,1,0,0,0,255,253,254,248,255,0,0,0,0,1,3,0,0,75,245,255,254,254,255,255,54,0,0,0,2,1,0,1,0,0,0,90,251,255,85,9,2,0,0,0,4,0,0,0,0,0,0,19,193,255,255,254,250,255,1,0,3,0,0,0,5,0,1,253,255,63,0,1,0,1,1,0,0,0,0,0,1,0,2,1,0,20,97,255,255,250,255,0,0,0,3,0,0,0,2,254,234,4,0,0,1,0,1,0,0,4,0,2,0,2,0,0,3,0,2,0,251,255,254,255,181,0,1,0,2,4,0,255,235,2,4,0,0,2,0,2,0,0,1,0,0,2,0,0,0,0,1,0,0,49,253,255,253,188,0,0,0,0,0,255,254,100,4,0,1,1,0,0,0,0,0,0,3,0,1,0,1,0,1,2,0,7,34,176,255,254,199,1,0,0,0,82,253,255,106,21,0,0,1,1,0,3,0,3,0,2,0,0,2,0,0,1,0,0,3,1,184,252,255,16,0,2,0,86,255,255,255,255,204,21,19,22,21,63,255,255,0,1,1,0,1,1,0,1,2,0,0,0,5,159,255,254,12,0,0,0,49,251,254,255,253,255,255,255,252,255,254,255,109,1,0,0,0,1,1,0,0,0,2,3,0,3,130,252,245,0,2,4,0,27,255,255,255,254,254,255,255,255,255,252,255,142,2,1,0,0,2,0,0,0,0,0,1,0,0,94,255,243,0,0,0,2,29,253,253,255,255,255,255,252,254,255,253,253,0,0,0,0,0,0,2,3,1,0,1,2,1,9,255,252,65,1,3,0,3,3,122,116,254,255,255,252,255,140,122,0,4,0,2,1,0,0,0,0,0,2,0,0,0,1,1,255,188,0,0,1,0,0,0,2,0,2,0,1,3,0,0,2,0,0,0,0,0,2,1,0,0,0,0,0,0,0,1,0,0,0,0,0,0,0,0,0,0,0,0,0,0,0,0,0,0,0,0,0,0,0,0,0,0,0,0,0,0,0,0,0,0,0,0,0,0,0,0,0,0,0,0,0,0,0,0,0,0,0,0,0,0,0,0,0,0,0,0,0,0,0,0,0,0,0,0,0,0,0,0,0,0,0,0,0,0,0,0,0,0,0,0,0,0,0,0,0,0,0,0,0,0,0,0,0,0,0,0,0,0,0,0,0,0,0,0,0,0,0,0,0,0,0,0,0,0,0,0,0,0,0,0,0,0,0,0,0,0,0,0,0,0,0,0,0,0,0,0,0,0,0,0,0,0,0,0,0,0,0,0,0,0,0,0,0,0,0,0,0,0,0,0,0,0,0,0,0,0,0,0,0,0,0,0,0,0,0,0,0,0,0,0,0,0,0,0,0,0,0,0,0,0,0,0,0,0,0,0,0,0,0,0,0,0,0,0,0,0,0,0,0,0,0,0,0,0,0,0,0,0,0,0,0,0,0,0,0,0,0,0,0,0,0,0,0,0,0,0,0,0,0,0,0,0,0,0,0,0,0,0,0,0,0,0,0,0
0,0,0,0,0,0,0,0,0,0,0,0,0,0,0,0,0,0,0,0,0,0,0,0,0,0,0,0,0,0,0,0,0,0,0,0,0,0,0,0,0,0,0,0,0,0,0,0,0,0,0,0,0,0,0,0,0,0,0,0,0,0,0,0,0,0,0,0,0,0,0,0,0,0,0,0,0,0,0,0,0,0,0,0,0,0,0,0,0,0,0,0,0,0,0,0,0,0,0,0,0,0,0,0,0,0,0,0,0,0,0,0,0,0,0,0,0,0,0,0,0,0,0,0,0,0,0,0,0,0,0,0,0,0,0,0,0,0,0,0,0,0,0,0,0,0,0,0,0,0,0,0,0,0,0,0,0,0,0,0,0,0,0,0,0,0,0,0,0,0,0,0,0,0,0,0,0,0,0,0,0,0,0,0,0,0,0,0,0,0,0,0,0,0,0,0,0,0,0,0,0,0,0,0,0,0,0,0,0,0,0,0,0,0,0,0,0,0,0,0,0,0,0,0,0,0,0,0,0,0,0,0,0,0,0,0,0,0,0,0,0,0,0,0,0,0,0,0,0,0,0,0,0,0,0,0,0,0,0,0,2,0,27,3,230,255,254,255,255,253,172,13,26,22,1,0,2,0,0,1,0,1,0,0,1,0,1,0,0,3,0,0,83,111,255,255,252,255,255,250,255,255,255,254,255,255,81,19,0,2,0,0,0,2,0,0,0,0,3,0,2,0,39,164,255,255,255,249,255,254,255,254,255,254,253,254,255,254,253,204,178,0,4,0,0,0,1,1,0,1,0,1,0,23,255,255,252,255,253,255,253,254,255,255,251,254,255,255,252,255,251,254,255,201,3,2,0,5,0,0,4,0,0,0,1,53,255,255,254,224,247,71,1,1,0,0,3,0,2,0,204,231,255,253,253,254,253,118,0,0,0,2,0,3,1,2,0,253,253,195,178,0,0,0,0,0,5,0,0,0,1,0,3,0,173,234,255,255,251,255,121,0,6,0,0,0,0,0,0,255,255,94,0,1,0,4,0,0,0,0,2,4,0,2,0,0,4,51,78,253,255,248,255,134,0,2,0,2,2,0,3,255,172,1,0,3,0,0,1,2,0,1,0,0,0,1,0,0,0,0,0,27,116,255,253,255,240,67,0,0,0,2,0,254,167,0,2,0,0,0,1,1,1,0,1,0,0,0,0,0,2,0,0,3,0,135,231,255,253,255,57,0,4,0,0,254,202,11,0,3,1,0,1,0,1,2,2,0,1,0,0,1,0,0,0,0,3,0,0,188,255,247,255,0,0,6,0,254,255,225,1,0,2,3,0,3,0,1,0,2,2,0,1,0,0,2,1,0,2,0,0,2,175,255,255,133,3,1,1,50,255,255,247,0,0,2,0,0,1,2,0,218,3,0,0,1,1,0,0,2,0,4,0,0,0,188,253,255,136,0,0,25,255,253,255,255,185,7,26,29,11,182,255,255,177,0,1,0,0,1,0,0,2,0,1,2,3,0,200,255,255,95,1,0,29,249,253,253,255,255,255,255,252,255,253,253,204,9,1,3,0,0,1,0,1,0,0,0,0,5,0,186,254,166,6,2,0,29,254,255,253,254,254,252,255,253,255,255,253,220,18,0,0,2,0,1,1,3,0,1,1,0,3,2,159,253,4,0,0,1,26,50,254,255,255,255,254,254,255,254,255,254,26,2,0,1,0,0,0,0,2,0,2,0,0,0,92,255,231,0,0,0,0,0,0,0,0,0,0,0,0,0,0,0,0,0,0,0,0,0,0,0,0,0,0,0,0,0,0,0,0,0,0,0,0,0,0,0,0,0,0,0,0,0,0,0,0,0,0,0,0,0,0,0,0,0,0,0,0,0,0,0,0,0,0,0,0,0,0,0,0,0,0,0,0,0,0,0,0,0,0,0,0,0,0,0,0,0,0,0,0,0,0,0,0,0,0,0,0,0,0,0,0,0,0,0,0,0,0,0,0,0,0,0,0,0,0,0,0,0,0,0,0,0,0,0,0,0,0,0,0,0,0,0,0,0,0,0,0,0,0,0,0,0,0,0,0,0,0,0,0,0,0,0,0,0,0,0,0,0,0,0,0,0,0,0,0,0,0,0,0,0,0,0,0,0,0,0,0,0,0,0,0,0,0,0,0,0,0,0,0,0,0,0,0,0,0,0,0,0,0,0,0,0,0,0,0,0,0,0,0,0,0,0,0,0,0,0,0,0,0,0,0,0,0,0,0,0,0,0,0,0,0,0,0,0,0,0,0,0,0,0,0,0,0,0,0,0,0,0,0,0,0,0,0
1,0,0,0,0,0,0,0,0,0,0,0,0,0,0,0,0,0,0,0,0,2,0,3,0,0,0,0,0,0,0,0,0,0,0,0,0,0,0,0,0,0,0,0,0,0,0,0,0,2,0,3,0,0,3,0,3,0,0,1,1,0,0,0,0,0,0,0,0,0,0,0,0,0,0,0,0,0,0,0,0,0,0,0,0,0,0,2,0,0,0,0,0,0,0,0,0,0,0,0,0,0,0,0,0,0,0,0,0,0,0,0,0,1,0,2,0,1,0,0,0,0,0,0,0,0,0,0,1,0,0,0,0,0,0,0,0,0,0,0,0,0,0,0,0,0,0,0,2,0,0,0,1,1,1,1,1,0,0,0,0,0,0,0,0,0,0,0,0,0,0,0,0,0,0,0,0,0,2,3,0,3,0,0,0,0,0,0,0,0,0,0,0,0,0,0,0,0,0,0,0,0,0,0,0,0,0,0,0,1,0,0,1,1,1,0,1,2,1,0,0,0,0,0,0,0,0,0,0,0,0,0,0,0,0,0,0,0,0,0,0,12,255,255,255,255,255,254,255,12,9,3,0,0,0,0,1,0,1,0,0,0,0,0,2,0,0,0,0,0,0,0,0,12,255,253,255,252,255,253,255,254,247,43,29,0,0,0,2,0,1,0,3,0,0,0,0,0,0,0,0,0,0,0,0,13,254,254,254,255,254,255,252,255,255,253,209,114,18,0,0,0,1,1,0,0,2,5,0,0,0,0,0,0,0,0,0,9,128,255,255,251,255,254,255,255,254,255,254,252,215,0,1,1,0,1,0,2,0,0,0,0,0,0,0,0,0,0,0,0,39,254,254,255,253,255,254,255,254,251,255,254,255,236,11,0,4,1,0,0,0,2,1,0,0,0,0,0,0,0,0,0,5,7,3,7,7,7,5,17,255,255,252,253,254,253,15,1,0,0,3,0,1,3,0,0,0,0,0,0,0,0,0,4,0,0,2,0,0,0,1,1,2,1,81,255,255,252,45,72,3,2,0,3,0,0,1,0,0,0,0,0,0,0,0,0,0,3,0,0,2,1,0,0,1,0,4,138,255,254,254,255,112,83,1,0,3,0,0,0,0,0,0,0,0,0,0,0,1,1,0,0,0,0,0,0,0,2,0,57,224,255,255,90,255,238,186,56,0,0,2,2,0,0,0,2,0,0,1,0,0,0,0,0,0,0,0,0,2,0,3,1,166,255,254,0,75,255,252,255,46,5,0,0,5,0,0,1,0,1,2,1,1,1,1,1,1,1,1,1,1,0,0,126,254,252,255,0,0,69,255,253,255,251,23,5,0,4,0,0,0,0,0,0,0,0,0,0,0,0,0,2,0,4,1,147,255,255,10,0,1,0,1,102,255,255,251,255,23,48,25,2,0,2,2,1,1,1,1,1,1,1,1,0,0,0,155,253,252,255,11,0,0,2,3,0,105,153,255,251,255,255,205,76,92,106,0,0,0,0,0,0,0,0,0,97,94,149,254,251,255,188,10,1,2,0,0,1,2,0,104,122,252,253,253,255,255,252,153,144,144,144,144,144,143,143,142,255,253,255,255,250,255,28,0,0,0,0,1,2,1,3,0,0,63,130,254,255,255,252,253,255,255,255,255,255,255,255,254,255,255,252,254,255,133,5,2,1,1,2,0,0,0,0,0,1,0,3,20,0,187,255,255,255,255,255,255,255,255,255,255,254,255,255,153,2,4,0,0,0,0,0,0,0,0,0,0,0,0,0,0,0,0,0,0,0,0,0,0,0,0,0,0,0,0,0,0,0,0,0,0,0,0,0,0,0,0,0,0,0,0,0,0,0,0,0,0,0,0,0,0,0,0,0,0,0,0,0,0,0,0,0,0,0,0,0,0,0,0,0,0,0,0,0,0,0,0,0,0,0,0,0,0,0,0,0,0,0,0,0,0,0,0,0,0,0,0,0,0,0,0,0,0,0,0,0,0,0,0,0,0,0,0,0,0,0,0,0,0,0,0,0,0,0,0,0,0,0,0,0,0,0,0,0,0,0,0,0,0,0,0,0,0,0,0,0,0,0,0,0,0,0,0,0,0,0,0,0,0,0,0,0,0,0,0,0,0,0,0,0,0,0,0,0,0,0,0,0,0,0,0,0,0,0,0,0,0,0,0,0,0,0,0,0,0,0,0,0,0,0,0,0,0,0,0,0,0,0,0,0,0,0,0,0,0,0,0,0,0,0,0,0,0,0,0,0,0,0,0,0,0,0,0,0,0,0,0,0,0,0,0,0,0,0,0,0,0,0,0,0,0,0,0,0,0
0,0,0,0,0,0,0,0,0,0,0,0,0,0,0,0,0,0,0,0,0,0,0,0,0,0,0,0,0,0,0,0,0,0,0,0,0,0,0,0,0,0,0,0,0,0,0,0,0,0,0,0,0,0,0,0,0,0,0,0,0,0,0,0,0,0,0,0,0,0,0,0,0,0,0,0,0,0,0,0,0,0,0,0,0,0,0,0,0,0,0,0,0,0,0,0,0,0,0,0,0,0,0,0,0,0,0,0,0,0,0,0,0,0,0,0,0,0,0,0,0,0,0,0,0,0,0,0,0,0,0,0,0,0,0,0,0,0,0,0,0,0,0,0,0,0,0,0,0,0,0,0,0,0,0,0,0,0,0,0,0,0,0,0,0,0,0,0,0,0,0,0,0,0,0,0,0,0,0,0,0,0,0,0,0,0,0,0,0,0,0,0,0,0,0,0,0,0,0,0,0,0,0,0,0,0,0,0,0,0,0,0,0,0,0,0,0,0,0,0,0,0,0,0,0,0,0,0,0,0,0,0,0,0,0,0,0,0,0,0,0,0,0,0,0,0,0,0,0,0,0,0,0,0,0,0,0,0,1,0,1,0,0,2,0,0,3,0,1,1,0,3,0,0,1,0,0,0,1,0,0,1,0,2,1,0,0,2,0,0,0,0,2,3,56,28,254,255,254,254,254,255,154,45,53,7,0,0,0,2,0,0,0,0,0,0,0,3,0,0,1,0,4,2,51,160,255,252,254,254,255,255,253,254,255,255,255,197,166,70,0,0,1,2,0,0,6,1,0,0,3,0,0,0,0,255,255,255,255,253,239,237,243,241,241,242,236,255,253,255,255,254,254,2,0,0,0,0,0,0,1,2,0,0,0,22,233,253,255,149,131,26,0,4,0,3,0,1,0,116,129,109,253,253,255,236,137,1,4,2,0,2,4,0,1,0,1,34,254,255,1,1,1,1,1,0,0,0,3,2,0,0,1,2,13,148,254,255,250,211,0,0,0,0,0,1,0,0,1,255,255,0,6,0,1,0,2,2,0,1,0,0,0,1,0,0,3,0,154,199,255,255,254,99,0,4,0,0,1,0,0,253,255,0,0,1,1,0,0,0,1,0,1,0,0,2,0,0,0,3,0,11,23,255,251,255,119,0,2,0,0,1,0,255,255,0,2,0,1,0,1,1,0,1,0,0,4,0,2,1,0,0,0,0,5,0,221,255,255,105,0,2,0,0,0,255,253,164,1,0,1,0,0,0,1,0,3,0,1,3,0,1,0,0,2,0,0,2,0,75,255,253,130,1,3,0,0,34,255,255,255,49,10,1,0,1,0,13,0,255,1,0,1,0,0,3,0,2,0,0,0,2,75,254,255,118,0,2,2,19,235,252,251,255,248,116,130,129,118,255,252,250,38,0,1,3,0,0,0,0,2,1,2,0,0,80,255,255,129,0,0,0,0,255,250,255,255,255,255,253,253,255,255,252,255,14,0,1,0,0,0,2,0,1,0,1,0,2,55,250,255,0,0,0,4,0,233,253,249,255,253,255,253,255,255,255,250,253,0,0,0,3,0,0,1,3,0,0,2,0,0,79,252,217,13,0,0,0,18,32,255,252,255,254,254,255,253,253,254,71,1,0,3,0,1,1,0,1,3,2,0,2,2,0,253,255,46,1,0,1,0,0,3,1,0,1,0,0,0,0,3,0,0,1,0,4,0,0,0,0,0,0,1,0,0,1,1,0,0,0,0,0,0,0,0,0,0,0,0,0,0,0,0,0,0,0,0,0,0,0,0,0,0,0,0,0,0,0,0,0,0,0,0,0,0,0,0,0,0,0,0,0,0,0,0,0,0,0,0,0,0,0,0,0,0,0,0,0,0,0,0,0,0,0,0,0,0,0,0,0,0,0,0,0,0,0,0,0,0,0,0,0,0,0,0,0,0,0,0,0,0,0,0,0,0,0,0,0,0,0,0,0,0,0,0,0,0,0,0,0,0,0,0,0,0,0,0,0,0,0,0,0,0,0,0,0,0,0,0,0,0,0,0,0,0,0,0,0,0,0,0,0,0,0,0,0,0,0,0,0,0,0,0,0,0,0,0,0,0,0,0,0,0,0,0,0,0,0,0,0,0,0,0,0,0,0,0,0,0,0,0,0,0,0,0,0,0,0,0,0,0,0,0,0,0,0,0,0,0,0,0,0,0,0,0,0,0,0,0,0,0,0,0,0,0,0,0,0,0,0,0,0,0,0,0,0,0,0,0,0,0,0,0,0,0,0,0,0,0,0,0,0,0,0,0,0,0,0,0,0,0,0,0,0,0
1,0,0,0,0,0,0,0,0,0,0,0,0,0,0,0,0,0,0,0,0,0,0,0,0,0,0,0,0,0,0,0,0,0,0,0,0,0,0,0,0,0,0,0,0,0,0,0,0,0,0,0,0,0,0,0,0,0,0,0,0,0,0,0,0,0,0,0,0,0,0,0,0,0,0,0,0,0,0,0,0,0,0,0,0,0,0,0,0,0,0,0,0,0,0,0,0,0,0,0,0,0,0,0,0,0,0,0,0,0,0,0,0,0,0,0,0,0,0,0,0,0,0,0,0,0,0,0,0,0,0,0,0,0,0,0,0,0,0,0,0,0,0,0,0,0,0,0,0,0,0,0,0,0,0,0,0,0,0,0,0,0,0,0,0,0,0,0,0,0,0,0,0,0,0,0,0,0,0,0,0,0,0,0,0,0,0,0,0,0,0,0,0,0,0,0,0,0,0,0,0,0,0,0,0,0,0,0,0,0,0,0,0,0,0,0,0,0,0,0,0,0,0,0,0,0,0,0,0,0,0,0,0,0,0,0,0,0,0,0,0,0,0,0,0,0,0,0,0,0,0,0,0,0,0,0,0,2,0,0,0,0,1,0,2,0,0,0,0,0,0,0,0,26,255,255,252,255,255,253,255,10,31,7,2,0,0,1,0,0,3,1,1,0,1,0,0,0,0,0,0,0,0,0,0,28,255,255,255,254,252,255,252,255,250,162,94,0,3,0,0,1,0,1,0,0,0,0,3,0,0,0,0,0,0,0,0,9,159,253,252,255,255,255,255,253,255,255,255,136,0,0,0,0,0,2,0,0,0,0,0,0,0,0,0,0,0,0,0,2,91,253,255,254,255,254,255,255,254,252,255,253,238,81,1,0,4,0,3,0,0,1,0,0,0,0,0,0,0,0,0,0,81,246,226,228,228,229,225,229,239,255,254,254,254,118,0,0,0,2,0,2,3,0,0,0,0,0,0,0,0,0,0,2,0,1,1,0,0,0,0,0,43,165,254,255,254,249,15,0,0,4,0,0,0,0,1,0,0,0,0,0,0,0,0,2,0,0,2,0,2,0,0,0,0,0,67,254,251,255,173,233,137,0,3,0,0,2,0,0,0,0,0,0,0,0,0,0,2,0,0,0,0,1,0,1,0,0,1,51,255,253,255,229,255,253,52,25,0,0,0,1,0,0,0,0,1,0,1,1,1,0,0,0,0,0,0,0,1,0,0,30,254,254,255,3,173,232,255,255,32,2,0,0,1,2,0,0,2,0,0,0,0,0,0,0,0,1,1,3,2,0,2,7,255,251,255,0,3,31,254,252,233,175,0,0,1,0,3,2,0,2,2,0,1,1,0,0,0,0,0,0,0,1,0,186,253,255,109,4,0,0,25,51,255,254,233,233,139,0,0,0,0,0,0,0,0,0,0,0,1,1,1,0,3,0,3,254,251,255,24,0,1,0,0,3,0,137,229,255,253,255,253,12,29,31,1,0,0,0,0,1,1,0,0,31,9,181,255,254,255,253,25,1,1,0,0,1,4,0,2,175,204,255,250,255,255,252,111,93,93,93,93,93,92,88,84,252,255,255,255,252,249,31,0,1,0,4,0,0,2,0,1,0,20,79,255,255,253,253,255,253,254,254,255,255,255,254,252,253,255,249,255,255,33,0,0,0,0,1,0,2,0,3,0,2,0,1,23,21,112,255,254,255,255,255,254,254,255,255,255,255,254,255,51,24,0,1,0,0,0,0,0,0,0,0,0,0,0,0,0,0,0,0,0,0,0,0,0,0,0,0,0,0,0,0,0,0,0,0,0,0,0,0,0,0,0,0,0,0,0,0,0,0,0,0,0,0,0,0,0,0,0,0,0,0,0,0,0,0,0,0,0,0,0,0,0,0,0,0,0,0,0,0,0,0,0,0,0,0,0,0,0,0,0,0,0,0,0,0,0,0,0,0,0,0,0,0,0,0,0,0,0,0,0,0,0,0,0,0,0,0,0,0,0,0,0,0,0,0,0,0,0,0,0,0,0,0,0,0,0,0,0,0,0,0,0,0,0,0,0,0,0,0,0,0,0,0,0,0,0,0,0,0,0,0,0,0,0,0,0,0,0,0,0,0,0,0,0,0,0,0,0,0,0,0,0,0,0,0,0,0,0,0,0,0,0,0,0,0,0,0,0,0,0,0,0,0,0,0,0,0,0,0,0,0,0,0,0,0,0,0,0,0,0,0,0,0,0,0,0,0,0,0,0,0,0,0,0,0,0,0,0,0,0,0,0,0,0,0,0,0,0,0,0,0,0,0,0,0,0,0,0,0,0
0,0,0,0,0,0,0,0,0,0,0,0,0,0,0,0,0,0,0,0,0,0,0,0,0,0,0,0,0,0,0,0,0,0,0,0,0,0,0,0,0,0,0,0,0,0,0,0,0,0,0,0,0,0,0,0,0,0,0,0,0,0,0,0,0,0,0,0,0,0,0,0,0,0,0,0,0,0,0,0,0,0,0,0,0,0,0,0,0,0,0,0,0,0,0,0,0,0,0,0,0,0,0,0,0,0,0,0,0,0,0,0,0,0,0,0,0,0,0,0,0,0,0,0,0,0,0,0,0,0,0,0,0,0,0,0,0,0,0,0,0,0,0,0,0,0,0,0,0,0,0,0,0,0,0,0,0,0,0,0,0,0,0,0,0,0,0,0,0,0,0,0,0,0,0,0,0,0,0,0,0,0,0,0,0,0,0,0,0,0,0,0,0,0,0,0,0,0,0,0,0,0,0,0,0,0,0,0,0,0,0,0,0,0,0,0,0,0,0,0,0,0,0,0,0,0,0,0,0,0,0,0,0,0,0,0,0,0,0,0,0,0,0,0,0,0,0,0,0,0,0,0,0,0,0,0,0,0,0,2,0,0,0,48,22,255,255,255,255,255,254,163,38,34,1,0,0,2,0,0,1,0,1,0,0,2,0,0,0,0,1,0,0,96,156,253,253,254,255,255,254,252,255,255,254,252,136,153,0,3,2,0,0,1,0,0,2,0,1,2,0,0,1,1,255,253,249,255,255,254,255,252,255,255,255,251,255,255,255,253,169,0,0,2,2,0,0,1,0,0,1,0,0,1,21,255,252,254,253,255,251,254,255,255,255,253,255,255,255,255,253,255,254,255,62,0,0,1,0,0,0,3,4,0,1,2,135,255,255,255,255,253,255,255,254,253,254,255,254,253,254,254,255,254,255,255,255,190,2,3,2,0,0,0,0,0,0,42,255,254,254,253,242,135,0,1,2,0,1,1,0,99,250,245,254,255,253,253,255,252,254,0,0,0,4,0,0,3,1,23,255,253,253,207,0,0,4,0,0,1,1,0,0,2,0,3,144,255,255,252,254,255,255,255,17,2,0,1,1,0,0,221,254,255,189,0,0,0,0,0,3,2,0,2,0,0,1,0,0,39,111,255,255,253,255,254,255,0,7,0,0,2,0,219,255,255,255,78,2,0,0,0,2,0,2,2,0,1,0,0,4,0,2,144,216,255,255,254,254,255,0,0,1,1,0,26,255,254,253,196,0,4,3,0,0,5,0,113,0,6,0,0,0,3,0,0,3,197,254,254,255,253,247,20,2,0,1,42,255,255,255,255,243,130,0,2,0,0,254,254,228,2,0,2,0,0,2,2,0,1,225,255,255,253,255,254,0,2,0,0,146,252,255,253,255,255,255,255,255,255,254,255,255,157,0,0,2,0,0,0,0,5,0,213,255,253,255,253,63,1,2,3,18,254,251,255,255,252,253,254,255,255,252,255,253,237,5,2,0,0,1,4,2,0,1,3,202,255,255,254,255,95,0,0,3,3,254,253,255,255,255,255,253,252,255,255,255,255,254,1,1,0,3,0,0,2,0,0,0,229,255,253,255,149,2,2,0,0,16,249,248,255,253,255,255,255,253,255,250,255,255,135,0,0,0,7,0,0,2,0,4,0,203,255,252,255,27,0,1,2,0,28,54,255,255,255,253,255,255,253,255,162,42,1,0,3,0,0,2,0,0,1,0,0,0,194,255,254,220,0,0,0,0,0,0,0,0,0,0,0,0,0,0,0,0,0,0,0,0,0,0,0,0,0,0,0,0,0,0,0,0,0,0,0,0,0,0,0,0,0,0,0,0,0,0,0,0,0,0,0,0,0,0,0,0,0,0,0,0,0,0,0,0,0,0,0,0,0,0,0,0,0,0,0,0,0,0,0,0,0,0,0,0,0,0,0,0,0,0,0,0,0,0,0,0,0,0,0,0,0,0,0,0,0,0,0,0,0,0,0,0,0,0,0,0,0,0,0,0,0,0,0,0,0,0,0,0,0,0,0,0,0,0,0,0,0,0,0,0,0,0,0,0,0,0,0,0,0,0,0,0,0,0,0,0,0,0,0,0,0,0,0,0,0,0,0,0,0,0,0,0,0,0,0,0,0,0,0,0,0,0,0,0,0,0,0,0,0,0,0,0,0,0,0,0,0,0,0,0,0,0,0,0,0,0,0,0,0,0,0,0,0,0,0,0,0,0,0,0,0,0,0,0,0,0,0,0,0,0,0,0,0,0,0,0,0,0,0,0,0,0,0,0,0,0,0,0,0,0,0,0,0,0,0,0
1,0,0,0,0,0,0,0,0,1,0,0,0,1,0,0,0,0,0,0,0,0,0,1,1,1,0,1,0,0,1,1,0,0,0,0,0,0,0,0,0,0,5,0,0,0,1,2,0,1,0,0,2,3,0,0,0,1,1,0,0,2,0,0,1,0,0,0,0,0,0,0,0,0,0,0,4,0,0,1,2,0,0,0,0,0,0,0,1,0,1,0,0,3,0,0,2,0,0,0,0,0,0,0,0,0,0,0,0,0,3,0,0,0,2,1,0,0,1,1,1,0,0,2,0,1,0,2,0,0,0,0,0,0,0,0,0,3,3,2,0,1,0,0,2,0,1,0,0,1,2,0,0,2,0,4,0,0,1,1,0,0,0,0,0,0,0,0,0,0,0,0,1,0,0,4,0,0,0,0,2,0,0,1,3,1,0,0,1,0,0,0,0,0,0,0,0,0,0,0,0,2,2,1,2,0,3,0,2,1,0,2,2,0,0,2,0,0,7,0,1,0,0,0,2,0,0,0,0,0,0,0,0,0,0,0,2,0,0,0,96,255,254,255,254,253,255,252,228,0,25,3,1,0,0,1,0,0,3,0,0,1,0,2,0,1,0,0,3,0,0,0,102,255,255,254,255,254,255,253,255,255,254,129,0,1,0,1,0,0,0,2,1,0,0,0,3,0,0,0,1,0,1,1,35,209,252,255,255,255,254,255,254,255,254,251,145,108,0,3,0,2,0,0,3,0,0,1,0,1,0,0,1,1,0,1,0,157,255,255,253,255,255,252,253,253,255,255,249,255,97,0,0,0,0,2,0,0,3,0,0,1,0,2,0,1,0,0,3,157,255,253,255,254,252,255,255,255,254,255,255,255,254,78,4,0,1,0,3,0,0,2,0,0,0,3,0,0,4,0,3,1,219,254,199,206,203,202,203,202,238,255,252,255,254,255,16,0,0,1,0,1,0,0,0,0,0,0,2,0,0,1,0,0,119,143,0,0,4,1,0,0,62,255,255,255,255,254,125,0,46,81,0,0,2,0,2,1,0,0,4,0,0,2,1,1,1,0,2,1,0,0,0,1,0,46,254,253,255,251,255,233,240,245,255,1,0,2,0,0,1,1,0,0,2,0,0,2,0,2,2,0,0,1,1,1,0,1,255,255,255,255,255,235,252,255,252,254,227,0,8,1,0,1,0,0,2,0,0,0,0,0,0,0,0,0,0,0,3,0,254,255,255,254,255,0,228,255,255,255,255,255,150,78,77,0,1,2,0,1,0,0,0,0,0,0,0,0,0,2,0,46,255,254,255,254,255,0,10,213,253,255,255,254,253,253,255,130,158,16,0,2,0,0,0,0,0,0,0,0,0,0,58,255,255,255,252,253,253,0,0,26,33,255,252,251,255,255,253,255,255,218,204,207,119,1,1,1,1,1,1,1,1,226,242,253,255,252,255,255,69,2,0,1,0,0,255,255,254,255,255,254,255,255,254,255,253,255,255,255,254,254,255,255,255,254,255,253,253,255,255,251,24,0,1,0,0,2,0,69,210,255,254,255,252,255,255,251,255,255,255,255,255,255,255,255,255,255,253,255,255,255,255,246,18,1,0,1,4,0,5,1,0,125,151,255,255,255,254,254,255,255,255,255,255,255,255,255,255,255,255,252,255,254,233,17,0,0,5,0,0,2,0,0,4,0,2,81,185,253,255,251,255,255,255,255,255,255,255,255,255,254,255,253,254,245,17,0,1,0,0,0,0,0,0,0,0,1,1,0,11,25,15,255,254,255,255,255,255,255,255,255,255,255,254,255,21,18,0,4,0,0,0,0,0,0,0,0,0,0,0,1,0,2,0,0,0,0,0,0,0,0,0,0,0,0,0,0,0,0,1,0,0,0,0,0,0,0,0,0,0,0,2,0,0,2,2,2,1,0,0,0,0,0,0,0,0,1,0,1,2,0,2,1,0,0,0,0,0,0,0,0,0,3,0,2,0,0,2,0,0,0,0,0,0,0,0,0,0,0,4,0,0,0,0,0,2,0,0,0,0,0,0,0,0,0,0,1,2,0,1,0,2,0,0,0,0,0,0,0,0,0,1,0,0,0,0,4,0,0,0,0,0,0,0,0,0,4,0,0,0,1,0,1,1,0,0,0,0,0,0,0,0,3,0,0,7,0,2,0,1,0,0,0,0,0,0,0,0,0,6,0,2,3,0,0,1,0,0,0,0,0,0,0,0,0,2,0,0,0,2,2,0,0,0,0,0,0,0,0,0,3,0,3,0,0,1,3,0,0,0,0,0,0,0,0,0,0,0,2,1,0,0,0,0
0,0,0,0,0,0,0,0,0,0,0,0,0,0,0,0,0,0,1,0,0,2,0,2,0,1,0,1,0,0,0,2,0,0,0,0,0,0,0,0,0,0,0,0,0,0,0,0,0,0,2,1,0,1,0,1,2,0,0,0,0,2,1,0,1,0,0,0,0,0,0,0,0,0,0,0,0,0,0,0,0,3,0,0,2,0,4,0,0,2,0,0,1,1,0,0,0,0,0,0,0,0,0,0,0,0,0,0,0,0,0,0,0,0,0,0,1,1,0,2,0,0,0,2,2,0,1,4,0,0,0,0,0,0,0,0,0,0,0,0,0,0,0,0,0,0,1,0,0,1,0,0,3,1,0,0,1,0,0,1,2,0,0,0,0,0,0,0,0,0,0,0,0,0,0,0,0,0,0,2,2,0,0,2,0,0,2,0,0,3,2,0,0,0,0,0,0,0,0,0,0,0,0,0,0,0,0,0,0,0,2,0,0,0,0,2,0,1,0,0,0,0,0,2,1,0,0,0,0,0,0,0,0,0,0,0,0,0,0,0,0,0,0,115,101,255,255,254,255,254,115,14,1,2,0,1,0,244,255,0,0,0,0,1,0,0,0,0,0,0,0,0,0,0,255,251,255,255,254,255,254,254,255,253,182,0,1,0,0,92,251,255,0,1,0,0,0,0,0,0,0,0,0,0,0,0,254,254,255,252,255,253,254,255,255,255,254,210,0,2,0,0,255,255,42,0,2,0,1,0,0,0,0,0,0,0,0,1,2,254,255,254,255,255,255,254,255,255,251,255,230,0,0,2,34,252,255,90,0,2,0,0,0,0,0,0,0,0,0,0,0,166,252,255,255,147,58,57,60,219,255,255,255,231,0,0,0,255,255,218,0,0,2,0,0,0,0,0,0,0,0,0,4,0,255,103,2,3,0,0,0,2,24,255,253,250,51,0,3,0,237,251,244,0,2,0,0,0,0,0,0,0,0,0,0,1,2,0,2,0,3,3,0,0,1,7,255,255,163,0,0,0,140,255,255,255,1,2,1,0,0,0,0,0,0,0,0,3,0,4,1,0,2,0,0,2,1,2,0,255,252,1,0,2,2,113,254,255,255,2,1,0,0,0,0,0,0,1,1,0,0,1,0,3,0,1,0,0,0,1,0,212,255,1,1,0,2,0,254,255,253,255,131,0,0,1,0,2,0,2,0,0,3,0,0,1,0,0,0,2,0,0,1,216,255,0,0,2,0,1,0,254,255,252,255,197,0,0,2,1,0,0,2,0,0,0,1,0,0,1,1,0,1,0,3,210,255,0,1,2,0,2,0,0,254,253,255,253,255,164,0,3,1,3,0,0,1,0,1,3,3,0,4,1,0,0,0,255,253,1,1,0,0,0,4,0,2,247,252,255,255,253,184,64,0,0,1,1,1,2,0,0,0,0,0,1,0,3,255,255,255,0,0,0,7,0,0,2,0,2,247,254,254,251,255,253,255,62,0,2,0,0,0,0,3,1,0,61,167,255,255,255,80,2,0,2,0,0,0,3,0,0,0,33,255,255,248,255,254,255,255,252,255,14,1,254,255,255,255,252,255,251,251,255,2,0,0,0,0,2,2,0,6,0,2,0,8,255,254,254,255,252,255,255,254,255,252,253,255,251,255,253,253,255,254,0,0,1,0,2,0,1,1,2,0,1,0,1,1,0,187,255,255,255,252,255,255,254,254,255,252,255,251,255,255,227,1,0,0,0,0,0,0,0,0,0,0,0,0,0,0,4,0,21,118,255,255,255,255,255,255,255,255,253,255,144,44,1,1,0,0,0,0,0,0,0,0,0,0,0,0,2,0,0,2,0,0,0,0,0,0,0,0,0,0,0,4,0,3,0,0,2,2,0,0,0,0,0,0,0,0,2,0,0,1,0,2,3,0,0,0,0,0,0,0,0,0,1,0,1,0,0,0,0,0,0,0,0,0,0,0,0,0,0,3,0,0,2,0,0,1,0,0,0,0,0,0,0,0,0,0,4,0,4,2,0,1,0,0,0,0,0,0,0,0,1,0,0,0,0,1,3,0,0,0,0,0,0,0,0,0,2,0,0,0,1,0,1,0,0,0,0,0,0,0,0,0,0,0,3,3,0,0,0,0,0,0,0,0,0,0,0,0,2,1,0,0,0,0,4,0,0,0,0,0,0,0,0,0,0,1,1,0,0,2,2,1,0,0,0,0,0,0,0,0,0,0,0,1,4,0,0,1,0,0,0,0,0,0,0,0,0,0,1,0,2,0,0,0,0,0,0,0,0,0,0,0,1,0,2,0,1,0,0,0
1,0,0,0,0,0,0,0,0,0,0,0,0,0,0,0,0,0,0,0,0,0,0,0,0,0,0,0,0,0,0,0,0,0,0,0,0,0,0,0,0,0,0,0,0,0,0,0,0,0,0,0,0,0,0,0,0,0,0,0,0,0,0,0,0,0,0,0,0,0,0,0,0,0,0,0,0,0,0,0,0,0,0,0,0,0,0,0,0,0,0,0,0,0,0,0,0,0,0,0,0,0,0,0,0,0,0,0,0,0,0,0,0,0,0,0,0,0,0,0,0,0,0,0,0,0,0,0,0,0,0,0,0,0,0,0,0,0,0,0,0,0,0,0,0,0,0,0,0,0,0,0,0,0,0,0,0,0,0,0,0,0,0,0,0,0,0,0,0,0,0,0,0,0,0,0,0,0,0,0,0,0,0,0,0,0,0,0,0,0,0,0,0,0,0,0,0,0,0,0,0,0,0,0,0,0,0,0,0,0,0,0,0,0,0,0,0,0,0,0,0,0,0,0,0,0,0,0,0,0,0,0,0,0,0,0,0,0,0,0,0,0,0,0,0,0,0,0,0,0,0,0,0,0,0,0,0,2,0,0,0,0,1,0,2,0,0,0,0,0,0,0,0,26,255,255,252,255,255,253,255,10,31,7,2,0,0,1,0,0,3,1,1,0,1,0,0,0,0,0,0,0,0,0,0,28,255,255,255,254,252,255,252,255,250,162,94,0,3,0,0,1,0,1,0,0,0,0,3,0,0,0,0,0,0,0,0,9,159,253,252,255,255,255,255,253,255,255,255,136,0,0,0,0,0,2,0,0,0,0,0,0,0,0,0,0,0,0,0,2,91,253,255,254,255,254,255,255,254,252,255,253,238,81,1,0,4,0,3,0,0,1,0,0,0,0,0,0,0,0,0,0,81,246,226,228,228,229,225,229,239,255,254,254,254,118,0,0,0,2,0,2,3,0,0,0,0,0,0,0,0,0,0,2,0,1,1,0,0,0,0,0,43,165,254,255,254,249,15,0,0,4,0,0,0,0,1,0,0,0,0,0,0,0,0,2,0,0,2,0,2,0,0,0,0,0,67,254,251,255,173,233,137,0,3,0,0,2,0,0,0,0,0,0,0,0,0,0,2,0,0,0,0,1,0,1,0,0,1,51,255,253,255,229,255,253,52,25,0,0,0,1,0,0,0,0,1,0,1,1,1,0,0,0,0,0,0,0,1,0,0,30,254,254,255,3,173,232,255,255,32,2,0,0,1,2,0,0,2,0,0,0,0,0,0,0,0,1,1,3,2,0,2,7,255,251,255,0,3,31,254,252,233,175,0,0,1,0,3,2,0,2,2,0,1,1,0,0,0,0,0,0,0,1,0,186,253,255,109,4,0,0,25,51,255,254,233,233,139,0,0,0,0,0,0,0,0,0,0,0,1,1,1,0,3,0,3,254,251,255,24,0,1,0,0,3,0,137,229,255,253,255,253,12,29,31,1,0,0,0,0,1,1,0,0,31,9,181,255,254,255,253,25,1,1,0,0,1,4,0,2,175,204,255,250,255,255,252,111,93,93,93,93,93,92,88,84,252,255,255,255,252,249,31,0,1,0,4,0,0,2,0,1,0,20,79,255,255,253,253,255,253,254,254,255,255,255,254,252,253,255,249,255,255,33,0,0,0,0,1,0,2,0,3,0,2,0,1,23,21,112,255,254,255,255,255,254,254,255,255,255,255,254,255,51,24,0,1,0,0,0,0,0,0,0,0,0,0,0,0,0,0,0,0,0,0,0,0,0,0,0,0,0,0,0,0,0,0,0,0,0,0,0,0,0,0,0,0,0,0,0,0,0,0,0,0,0,0,0,0,0,0,0,0,0,0,0,0,0,0,0,0,0,0,0,0,0,0,0,0,0,0,0,0,0,0,0,0,0,0,0,0,0,0,0,0,0,0,0,0,0,0,0,0,0,0,0,0,0,0,0,0,0,0,0,0,0,0,0,0,0,0,0,0,0,0,0,0,0,0,0,0,0,0,0,0,0,0,0,0,0,0,0,0,0,0,0,0,0,0,0,0,0,0,0,0,0,0,0,0,0,0,0,0,0,0,0,0,0,0,0,0,0,0,0,0,0,0,0,0,0,0,0,0,0,0,0,0,0,0,0,0,0,0,0,0,0,0,0,0,0,0,0,0,0,0,0,0,0,0,0,0,0,0,0,0,0,0,0,0,0,0,0,0,0,0,0,0,0,0,0,0,0,0,0,0,0,0,0,0,0,0,0,0,0,0,0,0,0,0,0,0,0,0,0,0,0,0,0,0,0,0,0,0,0
0,0,0,0,0,0,0,0,0,0,0,0,0,0,0,0,0,0,0,0,0,0,0,0,0,0,0,0,0,0,0,0,0,0,0,0,0,0,0,0,0,0,0,0,0,0,0,0,0,0,0,0,0,0,0,0,0,0,0,0,0,0,0,0,0,0,0,0,0,0,0,0,0,0,0,0,0,0,0,0,0,0,0,0,0,0,0,0,0,0,0,0,0,0,0,0,0,0,0,0,0,0,0,0,0,0,0,0,0,0,0,0,0,0,0,0,0,0,0,0,0,0,0,0,0,0,0,0,0,0,0,0,0,0,0,0,0,0,0,0,0,0,0,0,0,0,0,0,0,0,0,0,0,0,0,0,0,0,0,0,0,0,0,0,0,0,0,0,0,0,0,0,0,0,0,0,0,0,0,0,0,0,0,0,0,0,0,0,0,0,0,0,0,0,0,0,0,0,0,0,0,0,0,0,0,0,0,0,0,0,0,0,0,0,0,0,0,0,0,0,0,0,0,0,0,0,0,0,0,0,0,0,0,0,0,0,0,0,0,0,0,0,0,0,0,0,0,0,0,0,0,0,0,0,0,0,0,0,1,0,0,0,2,0,0,0,1,0,0,1,1,0,0,0,0,0,1,0,0,0,1,0,4,0,0,0,1,0,1,2,0,2,2,21,41,88,254,255,253,254,255,254,253,255,19,44,40,0,0,1,0,1,0,0,2,1,0,1,0,2,0,0,0,1,162,221,254,255,255,252,255,255,253,255,255,253,253,253,255,146,20,0,6,0,2,4,0,1,2,0,1,0,2,2,126,249,255,253,255,249,255,255,253,254,255,253,250,255,255,255,253,255,251,237,0,0,0,0,1,3,0,3,0,0,1,27,255,253,255,255,255,255,251,254,255,254,255,255,255,255,251,255,255,251,255,255,210,89,1,2,4,0,1,1,1,1,0,203,253,255,255,252,251,41,65,61,65,61,63,64,62,59,255,251,255,255,254,255,255,254,173,0,1,1,0,1,0,0,2,255,255,254,185,0,6,0,0,0,1,2,0,0,4,0,2,1,231,238,254,255,254,255,255,174,16,2,0,4,0,0,0,253,255,255,0,4,2,0,1,0,0,0,5,0,0,1,0,4,0,28,118,255,254,255,253,255,255,103,0,1,0,2,0,255,255,255,182,0,2,0,1,0,0,0,1,1,0,2,0,0,1,0,2,25,117,255,255,255,255,254,115,0,2,0,0,199,253,255,255,161,62,0,1,1,0,36,54,253,1,0,1,2,0,2,0,1,1,0,206,251,255,255,255,108,1,0,1,31,255,255,254,255,255,167,169,169,168,233,252,255,226,6,1,0,1,0,0,2,0,1,1,82,240,253,254,254,143,4,0,1,122,255,254,254,252,252,255,255,252,255,255,255,255,250,0,0,1,0,2,0,0,0,4,0,5,253,255,254,225,0,2,0,2,118,251,255,255,255,255,255,255,255,254,251,255,255,255,33,0,3,0,0,2,0,0,0,4,0,224,255,255,210,10,0,1,0,46,157,254,255,251,251,255,255,255,255,254,254,23,15,0,0,2,0,0,3,0,2,0,4,0,217,255,254,41,1,0,1,0,3,0,1,2,2,0,0,0,3,0,3,0,0,1,1,0,4,0,0,0,0,1,0,1,0,0,1,0,0,0,1,3,0,2,0,0,0,2,0,2,0,0,0,0,0,0,1,0,0,0,3,1,0,2,0,0,3,1,0,1,0,0,0,0,0,0,0,0,0,0,0,0,0,0,0,0,0,0,0,0,0,0,0,0,0,0,0,0,0,0,0,0,0,0,0,0,0,0,0,0,0,0,0,0,0,0,0,0,0,0,0,0,0,0,0,0,0,0,0,0,0,0,0,0,0,0,0,0,0,0,0,0,0,0,0,0,0,0,0,0,0,0,0,0,0,0,0,0,0,0,0,0,0,0,0,0,0,0,0,0,0,0,0,0,0,0,0,0,0,0,0,0,0,0,0,0,0,0,0,0,0,0,0,0,0,0,0,0,0,0,0,0,0,0,0,0,0,0,0,0,0,0,0,0,0,0,0,0,0,0,0,0,0,0,0,0,0,0,0,0,0,0,0,0,0,0,0,0,0,0,0,0,0,0,0,0,0,0,0,0,0,0,0,0,0,0,0,0,0,0,0,0,0,0,0,0,0,0,0,0,0,0,0,0,0,0,0,0,0,0,0,0,0,0,0,0,0,0,0,0,0,0,0,0,0,0,0,0,0,0,0,0,0,0,0,0,0,0,0,0,0,0,0,0,0,0,0,0,0,0,0,0,0,0,0,0
1,0,0,0,0,0,0,0,0,0,0,0,0,0,0,0,0,0,0,0,0,0,0,0,0,0,0,0,0,0,0,0,0,0,0,0,0,0,0,0,0,0,0,0,0,0,0,0,0,0,0,0,0,0,0,0,0,0,0,0,0,0,0,0,0,0,0,0,0,0,0,0,0,0,0,0,0,0,0,0,0,0,0,0,0,0,0,0,0,0,0,0,0,0,0,0,0,0,0,0,0,0,0,0,0,0,0,0,0,0,0,0,0,0,0,0,0,0,0,0,0,0,0,0,0,0,0,0,0,0,0,0,0,0,0,0,0,0,0,0,0,0,0,0,0,0,0,0,0,0,0,0,0,0,0,0,0,0,0,0,0,0,0,0,0,0,0,0,0,0,0,0,0,0,0,0,0,0,0,0,0,0,0,0,0,0,0,0,0,0,0,0,0,0,0,0,0,0,0,0,0,0,0,0,0,0,0,0,0,0,0,0,0,0,0,0,0,0,0,0,0,0,0,0,0,0,0,0,0,0,0,0,0,0,0,0,0,0,0,0,0,0,0,0,0,0,0,0,0,0,0,0,0,0,0,0,0,1,2,0,0,0,1,1,0,2,0,1,1,0,0,1,0,1,0,0,5,0,1,0,1,0,1,0,0,3,0,0,1,0,0,6,0,0,0,2,0,1,0,3,0,0,2,0,2,173,255,254,251,255,255,255,229,4,35,3,1,2,0,4,0,1,0,0,0,0,2,0,5,1,3,0,0,7,0,0,58,236,255,255,255,255,254,254,252,255,252,138,103,0,2,0,0,0,1,1,1,0,3,1,0,1,0,3,0,0,3,2,1,172,255,254,255,252,255,255,255,253,255,255,255,187,89,0,3,0,3,0,0,3,0,0,0,1,0,0,1,0,0,0,1,1,215,255,254,253,255,252,255,253,255,254,253,252,255,80,0,0,0,0,0,0,2,0,2,0,3,0,0,2,0,2,0,0,232,254,176,192,188,186,191,184,234,254,255,255,250,255,25,0,27,180,13,0,2,0,0,0,0,0,2,1,0,1,0,0,89,104,1,0,1,0,1,2,53,94,255,250,255,254,0,242,232,253,232,226,1,0,2,2,0,2,1,0,0,0,1,2,0,0,1,0,0,2,0,0,0,1,35,255,255,255,228,0,255,255,254,255,255,175,15,33,0,0,0,0,0,0,0,0,0,0,0,0,0,0,0,0,2,1,33,255,255,252,255,2,22,150,253,251,255,254,255,255,95,113,43,2,2,0,3,0,0,0,0,0,0,0,0,4,0,67,252,253,255,255,157,0,1,0,29,255,254,255,254,251,255,253,223,183,191,153,3,0,0,0,0,0,0,0,0,43,198,255,254,252,255,253,13,0,1,1,1,0,45,254,255,254,255,255,255,255,251,255,251,255,255,255,255,255,255,255,255,255,250,255,254,255,255,255,24,2,0,0,1,0,1,0,117,187,251,253,255,253,255,255,255,255,255,255,255,255,255,255,255,252,255,254,255,255,252,61,0,1,0,4,0,2,0,0,0,0,113,157,255,255,254,255,254,255,255,255,255,255,255,255,255,255,254,253,254,255,212,26,3,0,1,0,0,0,0,6,0,2,0,5,32,8,248,255,255,255,255,255,255,255,255,255,255,253,255,255,253,6,20,0,0,0,4,0,3,0,0,0,2,0,0,1,1,0,0,0,0,0,0,0,0,0,0,0,0,0,0,0,3,0,0,0,2,0,0,0,0,0,0,0,0,0,0,0,0,0,0,0,0,0,0,0,0,0,0,0,0,0,0,0,0,0,0,0,0,0,0,0,0,0,0,0,0,0,0,0,0,0,0,0,0,0,0,0,0,0,0,0,0,0,0,0,0,0,0,0,0,0,0,0,0,0,0,0,0,0,0,0,0,0,0,0,0,0,0,0,0,0,0,0,0,0,0,0,0,0,0,0,0,0,0,0,0,0,0,0,0,0,0,0,0,0,0,0,0,0,0,0,0,0,0,0,0,0,0,0,0,0,0,0,0,0,0,0,0,0,0,0,0,0,0,0,0,0,0,0,0,0,0,0,0,0,0,0,0,0,0,0,0,0,0,0,0,0,0,0,0,0,0,0,0,0,0,0,0,0,0,0,0,0,0,0,0,0,0,0,0,0,0,0,0,0,0,0,0,0,0,0,0,0,0,0,0,0,0,0,0,0,0,0,0,0,0,0,0,0,0,0,0,0,0,0,0,0,0,0,0,0,0,0,0,0,0,0,0,0,0,0,0,0,0,0,0,0,0,0,0,0,0,0,0,0,0,0,0,0,0,0,0
